-- phpMyAdmin SQL Dump
-- version 4.5.1
-- http://www.phpmyadmin.net
--
-- Host: 127.0.0.1
-- Generation Time: 2017-04-12 20:55:57
-- 服务器版本： 10.1.9-MariaDB
-- PHP Version: 5.6.15

SET SQL_MODE = "NO_AUTO_VALUE_ON_ZERO";
SET time_zone = "+00:00";


/*!40101 SET @OLD_CHARACTER_SET_CLIENT=@@CHARACTER_SET_CLIENT */;
/*!40101 SET @OLD_CHARACTER_SET_RESULTS=@@CHARACTER_SET_RESULTS */;
/*!40101 SET @OLD_COLLATION_CONNECTION=@@COLLATION_CONNECTION */;
/*!40101 SET NAMES utf8mb4 */;

--
-- Database: `ac`
--

-- --------------------------------------------------------

--
-- 表的结构 `ac_authox`
--

CREATE TABLE `ac_authox` (
  `authox_id` int(11) NOT NULL,
  `user_id` int(11) NOT NULL,
  `controller_id` int(11) NOT NULL,
  `controller` varchar(64) NOT NULL,
  `function_id` int(11) NOT NULL,
  `function` varchar(64) NOT NULL
) ENGINE=InnoDB DEFAULT CHARSET=utf8;

--
-- 转存表中的数据 `ac_authox`
--

INSERT INTO `ac_authox` (`authox_id`, `user_id`, `controller_id`, `controller`, `function_id`, `function`) VALUES
(90, 130, 3, 'manage', 9, 'index'),
(93, 130, 18, 'user', 42, 'paschange'),
(94, 130, 18, 'user', 41, 'gchange'),
(95, 130, 18, 'user', 40, 'detail'),
(96, 130, 18, 'user', 39, 'register'),
(97, 130, 18, 'user', 38, 'lock'),
(98, 130, 18, 'user', 37, 'add'),
(99, 130, 18, 'user', 36, 'delete'),
(100, 130, 18, 'user', 32, 'modify'),
(101, 130, 18, 'user', 31, 'page'),
(102, 130, 19, 'module', 52, 'delete'),
(103, 130, 19, 'module', 51, 'last'),
(104, 130, 19, 'module', 50, 'create'),
(105, 130, 19, 'module', 49, 'info'),
(106, 130, 19, 'module', 48, 'detail'),
(107, 130, 19, 'module', 47, 'available'),
(108, 130, 19, 'module', 46, 'left'),
(109, 130, 19, 'module', 45, 'page'),
(110, 130, 19, 'module', 44, 'menu'),
(111, 130, 19, 'module', 43, 'add'),
(114, 130, 16, 'group', 25, 'modify'),
(115, 130, 16, 'group', 24, 'delete'),
(116, 130, 16, 'group', 23, 'add'),
(117, 130, 16, 'group', 22, 'page'),
(118, 130, 14, 'method', 20, 'modify'),
(119, 130, 14, 'method', 19, 'page'),
(120, 130, 14, 'method', 17, 'add'),
(121, 130, 14, 'method', 16, 'delete'),
(122, 130, 5, 'controller', 15, 'modify'),
(123, 130, 5, 'controller', 13, 'add'),
(124, 130, 5, 'controller', 12, 'delete'),
(125, 130, 5, 'controller', 11, 'page'),
(126, 129, 3, 'manage', 9, 'index'),
(134, 130, 4, 'authox', 35, 'update'),
(135, 130, 4, 'authox', 34, 'haved'),
(136, 130, 17, 'group_detail', 27, 'update'),
(137, 130, 17, 'group_detail', 26, 'haved'),
(138, 130, 19, 'module', 53, 'modify'),
(145, 129, 19, 'module', 55, 'delete_field'),
(146, 129, 19, 'module', 54, 'add_field'),
(147, 129, 19, 'module', 53, 'modify'),
(148, 129, 19, 'module', 52, 'delete'),
(150, 130, 19, 'module', 57, 'api'),
(151, 130, 19, 'module', 56, 'modify_field'),
(152, 130, 19, 'module', 55, 'delete_field'),
(153, 129, 19, 'module', 57, 'api'),
(154, 129, 19, 'module', 56, 'modify_field'),
(155, 129, 19, 'module', 51, 'last'),
(156, 129, 19, 'module', 50, 'create'),
(157, 129, 19, 'module', 49, 'info'),
(158, 129, 19, 'module', 48, 'detail'),
(159, 129, 19, 'module', 47, 'available'),
(160, 129, 19, 'module', 46, 'left'),
(161, 129, 19, 'module', 45, 'page'),
(162, 129, 19, 'module', 44, 'menu'),
(163, 129, 19, 'module', 43, 'add'),
(164, 130, 19, 'module', 58, 'init'),
(165, 130, 19, 'module', 54, 'add_field'),
(170, 130, 21, 'router', 67, 'template'),
(171, 130, 21, 'router', 66, 'modify'),
(172, 130, 21, 'router', 65, 'delete'),
(173, 130, 21, 'router', 64, 'add'),
(174, 130, 21, 'router', 63, 'items'),
(175, 130, 22, 'template', 72, 'modify'),
(176, 130, 22, 'template', 71, 'delete'),
(177, 130, 22, 'template', 70, 'add'),
(178, 130, 22, 'template', 69, 'all'),
(179, 130, 20, 'html', 68, 'edit'),
(180, 130, 20, 'html', 73, 'get');

-- --------------------------------------------------------

--
-- 表的结构 `ac_captcha`
--

CREATE TABLE `ac_captcha` (
  `captcha_id` bigint(13) UNSIGNED NOT NULL,
  `captcha_time` int(10) UNSIGNED NOT NULL,
  `ip_address` varchar(45) NOT NULL,
  `word` varchar(20) NOT NULL
) ENGINE=InnoDB DEFAULT CHARSET=utf8;

--
-- 转存表中的数据 `ac_captcha`
--

INSERT INTO `ac_captcha` (`captcha_id`, `captcha_time`, `ip_address`, `word`) VALUES
(215, 1489652486, '::1', 'k27nyb7y'),
(216, 1489652515, '::1', '9gpy4w7q'),
(217, 1491220722, '::1', 'p0atqfsw'),
(218, 1491220728, '::1', 'eaudn8oi'),
(219, 1491220735, '::1', 'ziyzf2ye'),
(220, 1491220743, '::1', '7wgl1gcc'),
(221, 1491221164, '::1', '4mfs8noz'),
(222, 1491221974, '::1', 'ehplb8rm'),
(223, 1491221978, '::1', 'c8grbqfz'),
(224, 1491221979, '::1', 'zaxsyxyt'),
(225, 1491221981, '::1', 'nwphduuv'),
(226, 1491222179, '::1', 'cdkuti3y');

-- --------------------------------------------------------

--
-- 表的结构 `ac_controller`
--

CREATE TABLE `ac_controller` (
  `controller_id` int(11) NOT NULL,
  `controller_name` varchar(64) NOT NULL,
  `controller` varchar(64) NOT NULL,
  `remark` varchar(64) CHARACTER SET utf8 NOT NULL
) ENGINE=InnoDB DEFAULT CHARSET=utf8mb4;

--
-- 转存表中的数据 `ac_controller`
--

INSERT INTO `ac_controller` (`controller_id`, `controller_name`, `controller`, `remark`) VALUES
(3, '后台管理页面', 'manage', '后台管理页面'),
(4, '权限管理', 'authox', '权限管理功能'),
(5, '控制器管理', 'controller', '保存所有控制器'),
(14, '方法管理', 'method', '用于保存方法'),
(16, '用户分组', 'group', '用户分组管理'),
(17, '分组详情', 'group_detail', '每个用户分组对应的权限'),
(18, '用户管理', 'user', '用户增删改查，快速注册'),
(19, 'API模块管理', 'module', '模块的管理，添加，禁用'),
(20, '前端可视化编辑', 'html', '提供前端可视化编辑一系列功能'),
(21, '路由配置', 'router', '提供路由配置功能'),
(22, '模版管理', 'template', '模版文件管理');

-- --------------------------------------------------------

--
-- 表的结构 `ac_function`
--

CREATE TABLE `ac_function` (
  `function_id` int(11) NOT NULL,
  `function_name` varchar(64) NOT NULL,
  `function` varchar(64) NOT NULL,
  `controller_id` int(11) NOT NULL,
  `controller` varchar(64) NOT NULL
) ENGINE=InnoDB DEFAULT CHARSET=utf8;

--
-- 转存表中的数据 `ac_function`
--

INSERT INTO `ac_function` (`function_id`, `function_name`, `function`, `controller_id`, `controller`) VALUES
(9, '后台管理', 'index', 3, 'manage'),
(11, '分页', 'page', 5, 'controller'),
(12, '删除', 'delete', 5, 'controller'),
(13, '添加', 'add', 5, 'controller'),
(15, '修改', 'modify', 5, 'controller'),
(16, '删除', 'delete', 14, 'method'),
(17, '添加', 'add', 14, 'method'),
(19, '分页', 'page', 14, 'method'),
(20, '修改', 'modify', 14, 'method'),
(22, '分页', 'page', 16, 'group'),
(23, '添加', 'add', 16, 'group'),
(24, '删除', 'delete', 16, 'group'),
(25, '修改', 'modify', 16, 'group'),
(26, '拥有的权限', 'haved', 17, 'group_detail'),
(27, '用户组权限修改', 'update', 17, 'group_detail'),
(31, '分页', 'page', 18, 'user'),
(32, '修改用户信息', 'modify', 18, 'user'),
(34, '拥有的权限', 'haved', 4, 'authox'),
(35, '额外权限修改', 'update', 4, 'authox'),
(36, '删除', 'delete', 18, 'user'),
(37, '添加', 'add', 18, 'user'),
(38, '锁定用户', 'lock', 18, 'user'),
(39, '快速注册', 'register', 18, 'user'),
(40, '详情', 'detail', 18, 'user'),
(41, '更换分组', 'gchange', 18, 'user'),
(42, '修改密码', 'paschange', 18, 'user'),
(43, '添加', 'add', 19, 'module'),
(44, '菜单', 'menu', 19, 'module'),
(45, '分页', 'page', 19, 'module'),
(46, '是否在左侧菜单显示', 'left', 19, 'module'),
(47, '启用与禁用', 'available', 19, 'module'),
(48, '获取基础信息', 'detail', 19, 'module'),
(49, '获取信息', 'info', 19, 'module'),
(50, '添加字段', 'create', 19, 'module'),
(51, '生成模块', 'last', 19, 'module'),
(52, '删除', 'delete', 19, 'module'),
(53, '修改注册信息', 'modify', 19, 'module'),
(54, '添加字段', 'add_field', 19, 'module'),
(55, '删除字段', 'delete_field', 19, 'module'),
(56, '修改字段', 'modify_field', 19, 'module'),
(57, '数据源管理', 'api', 19, 'module'),
(58, '获取字段信息', 'init', 19, 'module'),
(63, '获取路由列表', 'items', 21, 'router'),
(64, '添加路由', 'add', 21, 'router'),
(65, '删除', 'delete', 21, 'router'),
(66, '修改', 'modify', 21, 'router'),
(67, '获取模版列表', 'template', 21, 'router'),
(68, '可视化编辑', 'edit', 20, 'html'),
(69, '获取所有模版文件', 'all', 22, 'template'),
(70, '添加', 'add', 22, 'template'),
(71, '删除', 'delete', 22, 'template'),
(72, '修改', 'modify', 22, 'template'),
(73, '获取HTML文件', 'get', 20, 'html'),
(74, '保存', 'save', 20, 'html'),
(75, '数据源表单', 'api_form', 19, 'module'),
(76, '设置首页', 'set_index', 21, 'router');

-- --------------------------------------------------------

--
-- 表的结构 `ac_group`
--

CREATE TABLE `ac_group` (
  `group_id` int(11) NOT NULL,
  `group_name` varchar(64) NOT NULL
) ENGINE=InnoDB DEFAULT CHARSET=utf8;

--
-- 转存表中的数据 `ac_group`
--

INSERT INTO `ac_group` (`group_id`, `group_name`) VALUES
(2, '普通管理员'),
(1, '超级管理员');

-- --------------------------------------------------------

--
-- 表的结构 `ac_group_detail`
--

CREATE TABLE `ac_group_detail` (
  `detail_id` int(11) NOT NULL,
  `group_id` int(11) NOT NULL,
  `controller_id` int(11) NOT NULL,
  `controller` varchar(64) NOT NULL,
  `function_id` int(11) NOT NULL,
  `function` varchar(64) NOT NULL
) ENGINE=InnoDB DEFAULT CHARSET=utf8;

--
-- 转存表中的数据 `ac_group_detail`
--

INSERT INTO `ac_group_detail` (`detail_id`, `group_id`, `controller_id`, `controller`, `function_id`, `function`) VALUES
(79, 1, 3, 'manage', 9, 'index'),
(82, 1, 18, 'user', 42, 'paschange'),
(83, 1, 18, 'user', 41, 'gchange'),
(84, 1, 18, 'user', 40, 'detail'),
(85, 1, 18, 'user', 39, 'register'),
(86, 1, 18, 'user', 38, 'lock'),
(87, 1, 18, 'user', 37, 'add'),
(88, 1, 18, 'user', 36, 'delete'),
(89, 1, 18, 'user', 32, 'modify'),
(90, 1, 18, 'user', 31, 'page'),
(91, 1, 19, 'module', 52, 'delete'),
(92, 1, 19, 'module', 51, 'last'),
(93, 1, 19, 'module', 50, 'create'),
(94, 1, 19, 'module', 49, 'info'),
(95, 1, 19, 'module', 48, 'detail'),
(96, 1, 19, 'module', 47, 'available'),
(97, 1, 19, 'module', 46, 'left'),
(98, 1, 19, 'module', 45, 'page'),
(99, 1, 19, 'module', 44, 'menu'),
(100, 1, 19, 'module', 43, 'add'),
(103, 1, 16, 'group', 25, 'modify'),
(104, 1, 16, 'group', 24, 'delete'),
(105, 1, 16, 'group', 23, 'add'),
(106, 1, 16, 'group', 22, 'page'),
(107, 1, 14, 'method', 20, 'modify'),
(108, 1, 14, 'method', 19, 'page'),
(109, 1, 14, 'method', 17, 'add'),
(110, 1, 14, 'method', 16, 'delete'),
(111, 1, 5, 'controller', 15, 'modify'),
(112, 1, 5, 'controller', 13, 'add'),
(113, 1, 5, 'controller', 12, 'delete'),
(114, 1, 5, 'controller', 11, 'page'),
(115, 1, 4, 'authox', 35, 'update'),
(116, 1, 4, 'authox', 34, 'haved'),
(117, 1, 17, 'group_detail', 27, 'update'),
(118, 1, 17, 'group_detail', 26, 'haved'),
(119, 1, 19, 'module', 53, 'modify'),
(126, 2, 19, 'module', 55, 'delete_field'),
(127, 2, 19, 'module', 54, 'add_field'),
(128, 2, 19, 'module', 53, 'modify'),
(129, 2, 19, 'module', 52, 'delete'),
(130, 2, 3, 'manage', 9, 'index'),
(135, 1, 19, 'module', 55, 'delete_field'),
(136, 1, 19, 'module', 54, 'add_field'),
(137, 1, 19, 'module', 56, 'modify_field'),
(138, 1, 19, 'module', 58, 'init'),
(139, 1, 19, 'module', 57, 'api'),
(144, 1, 21, 'router', 67, 'template'),
(145, 1, 21, 'router', 66, 'modify'),
(146, 1, 21, 'router', 65, 'delete'),
(147, 1, 21, 'router', 64, 'add'),
(148, 1, 21, 'router', 63, 'items'),
(150, 1, 22, 'template', 69, 'all'),
(151, 1, 22, 'template', 72, 'modify'),
(152, 1, 22, 'template', 71, 'delete'),
(153, 1, 22, 'template', 70, 'add'),
(154, 1, 20, 'html', 73, 'get'),
(155, 1, 20, 'html', 68, 'edit'),
(156, 1, 20, 'html', 74, 'save'),
(157, 1, 19, 'module', 75, 'api_form'),
(158, 1, 21, 'router', 76, 'set_index');

-- --------------------------------------------------------

--
-- 表的结构 `ac_module`
--

CREATE TABLE `ac_module` (
  `module_id` int(11) NOT NULL,
  `module` varchar(64) NOT NULL,
  `module_sref` varchar(64) NOT NULL,
  `module_name` varchar(64) NOT NULL,
  `modify_time` datetime NOT NULL,
  `modify_user` varchar(64) NOT NULL,
  `is_left` tinyint(1) NOT NULL DEFAULT '0',
  `available` tinyint(1) NOT NULL DEFAULT '1'
) ENGINE=InnoDB DEFAULT CHARSET=utf8;

--
-- 转存表中的数据 `ac_module`
--

INSERT INTO `ac_module` (`module_id`, `module`, `module_sref`, `module_name`, `modify_time`, `modify_user`, `is_left`, `available`) VALUES
(1, 'my_test', 'module.api({module:1})', '测试', '2017-04-12 09:46:26', 'admin', 1, 1),
(5, 'my_article', 'module.api({module:5})', '文章', '2017-04-12 09:46:25', 'admin', 1, 1);

-- --------------------------------------------------------

--
-- 表的结构 `ac_my_article`
--

CREATE TABLE `ac_my_article` (
  `my_article` varchar(255) NOT NULL,
  `my_time` datetime NOT NULL,
  `my_article_id` int(11) UNSIGNED NOT NULL,
  `my_video` varchar(255) NOT NULL
) ENGINE=InnoDB DEFAULT CHARSET=utf8;

-- --------------------------------------------------------

--
-- 表的结构 `ac_my_test`
--

CREATE TABLE `ac_my_test` (
  `my_test_name` varchar(255) NOT NULL,
  `my_test_article` varchar(255) NOT NULL,
  `my_test_id` int(11) UNSIGNED NOT NULL,
  `my_test_time` datetime NOT NULL,
  `my_test_bool` tinyint(4) DEFAULT '0',
  `my_test_text` longtext NOT NULL,
  `my_test_file` varchar(255) NOT NULL
) ENGINE=InnoDB DEFAULT CHARSET=utf8;

--
-- 转存表中的数据 `ac_my_test`
--

INSERT INTO `ac_my_test` (`my_test_name`, `my_test_article`, `my_test_id`, `my_test_time`, `my_test_bool`, `my_test_text`, `my_test_file`) VALUES
('萨的发达国', 'upload/20170324/admin14903271995266.html', 3, '0000-00-00 00:00:00', 0, '', ''),
('adfghjkjhgf', 'upload/20170324/admin14903393595788.html', 4, '2017-03-20 09:00:00', 0, '', ''),
('按时到岗', 'upload/20170324/admin14903393792591.html', 5, '2017-03-13 03:03:03', 0, '', ''),
('阿道夫', 'upload/20170324/admin14903404062118.html', 6, '2017-03-12 00:00:00', 0, '', ''),
('das', 'upload/20170324/admin14903406848951.html', 8, '2017-02-27 00:00:00', 1, 'asdddddddddddddddddddddddddddddddddddddddddddddddddddddddddddasssssssssssssssssssssssssss\nasddddddddddddddddddddddddddddddddd\nsadddddddddddddddddddddddddddddddddddddddddddddddddddddddddddddd\nsdaaaaaaaaaaaaaaaaaaaaaaaaaaaaaaaaaaaaa', ''),
('kuytre', 'upload/20170327/admin14905831572631.html', 27, '2017-03-07 00:00:00', 1, 'agshdjfgkhlj;lkj', 'upload/af328ecf1049db6874c2811a898a47bb.png'),
('xxxxxxx_12', 'upload/20170327/admin14905833344920.html', 28, '2017-03-13 00:00:00', 0, 'sfgdhfjkhjl', ''),
('sgfdhjkl;hgfd', 'upload/20170327/admin14905933004757.html', 31, '2017-03-20 00:00:00', 0, 'adsfghjkl;''lgjhkfd', 'upload/23c828606ac1494bebb08dcff7702486.png');

-- --------------------------------------------------------

--
-- 表的结构 `ac_sessions`
--

CREATE TABLE `ac_sessions` (
  `id` varchar(40) NOT NULL,
  `ip_address` varchar(45) NOT NULL,
  `timestamp` int(10) UNSIGNED NOT NULL DEFAULT '0',
  `data` blob NOT NULL
) ENGINE=InnoDB DEFAULT CHARSET=utf8;

--
-- 转存表中的数据 `ac_sessions`
--

INSERT INTO `ac_sessions` (`id`, `ip_address`, `timestamp`, `data`) VALUES
('6eb9t395dr8kljb784fb3el5ob8hel7f', '::1', 1491983182, 0x5f5f63695f6c6173745f726567656e65726174657c693a313439313938323934343b617574686f72697479446174617c613a35363a7b693a303b613a323a7b733a31303a22636f6e74726f6c6c6572223b733a363a226d616e616765223b733a383a2266756e6374696f6e223b733a353a22696e646578223b7d693a313b613a323a7b733a31303a22636f6e74726f6c6c6572223b733a343a2275736572223b733a383a2266756e6374696f6e223b733a393a227061736368616e6765223b7d693a323b613a323a7b733a31303a22636f6e74726f6c6c6572223b733a343a2275736572223b733a383a2266756e6374696f6e223b733a373a22676368616e6765223b7d693a333b613a323a7b733a31303a22636f6e74726f6c6c6572223b733a343a2275736572223b733a383a2266756e6374696f6e223b733a363a2264657461696c223b7d693a343b613a323a7b733a31303a22636f6e74726f6c6c6572223b733a343a2275736572223b733a383a2266756e6374696f6e223b733a383a227265676973746572223b7d693a353b613a323a7b733a31303a22636f6e74726f6c6c6572223b733a343a2275736572223b733a383a2266756e6374696f6e223b733a343a226c6f636b223b7d693a363b613a323a7b733a31303a22636f6e74726f6c6c6572223b733a343a2275736572223b733a383a2266756e6374696f6e223b733a333a22616464223b7d693a373b613a323a7b733a31303a22636f6e74726f6c6c6572223b733a343a2275736572223b733a383a2266756e6374696f6e223b733a363a2264656c657465223b7d693a383b613a323a7b733a31303a22636f6e74726f6c6c6572223b733a343a2275736572223b733a383a2266756e6374696f6e223b733a363a226d6f64696679223b7d693a393b613a323a7b733a31303a22636f6e74726f6c6c6572223b733a343a2275736572223b733a383a2266756e6374696f6e223b733a343a2270616765223b7d693a31303b613a323a7b733a31303a22636f6e74726f6c6c6572223b733a363a226d6f64756c65223b733a383a2266756e6374696f6e223b733a363a2264656c657465223b7d693a31313b613a323a7b733a31303a22636f6e74726f6c6c6572223b733a363a226d6f64756c65223b733a383a2266756e6374696f6e223b733a343a226c617374223b7d693a31323b613a323a7b733a31303a22636f6e74726f6c6c6572223b733a363a226d6f64756c65223b733a383a2266756e6374696f6e223b733a363a22637265617465223b7d693a31333b613a323a7b733a31303a22636f6e74726f6c6c6572223b733a363a226d6f64756c65223b733a383a2266756e6374696f6e223b733a343a22696e666f223b7d693a31343b613a323a7b733a31303a22636f6e74726f6c6c6572223b733a363a226d6f64756c65223b733a383a2266756e6374696f6e223b733a363a2264657461696c223b7d693a31353b613a323a7b733a31303a22636f6e74726f6c6c6572223b733a363a226d6f64756c65223b733a383a2266756e6374696f6e223b733a393a22617661696c61626c65223b7d693a31363b613a323a7b733a31303a22636f6e74726f6c6c6572223b733a363a226d6f64756c65223b733a383a2266756e6374696f6e223b733a343a226c656674223b7d693a31373b613a323a7b733a31303a22636f6e74726f6c6c6572223b733a363a226d6f64756c65223b733a383a2266756e6374696f6e223b733a343a2270616765223b7d693a31383b613a323a7b733a31303a22636f6e74726f6c6c6572223b733a363a226d6f64756c65223b733a383a2266756e6374696f6e223b733a343a226d656e75223b7d693a31393b613a323a7b733a31303a22636f6e74726f6c6c6572223b733a363a226d6f64756c65223b733a383a2266756e6374696f6e223b733a333a22616464223b7d693a32303b613a323a7b733a31303a22636f6e74726f6c6c6572223b733a353a2267726f7570223b733a383a2266756e6374696f6e223b733a363a226d6f64696679223b7d693a32313b613a323a7b733a31303a22636f6e74726f6c6c6572223b733a353a2267726f7570223b733a383a2266756e6374696f6e223b733a363a2264656c657465223b7d693a32323b613a323a7b733a31303a22636f6e74726f6c6c6572223b733a353a2267726f7570223b733a383a2266756e6374696f6e223b733a333a22616464223b7d693a32333b613a323a7b733a31303a22636f6e74726f6c6c6572223b733a353a2267726f7570223b733a383a2266756e6374696f6e223b733a343a2270616765223b7d693a32343b613a323a7b733a31303a22636f6e74726f6c6c6572223b733a363a226d6574686f64223b733a383a2266756e6374696f6e223b733a363a226d6f64696679223b7d693a32353b613a323a7b733a31303a22636f6e74726f6c6c6572223b733a363a226d6574686f64223b733a383a2266756e6374696f6e223b733a343a2270616765223b7d693a32363b613a323a7b733a31303a22636f6e74726f6c6c6572223b733a363a226d6574686f64223b733a383a2266756e6374696f6e223b733a333a22616464223b7d693a32373b613a323a7b733a31303a22636f6e74726f6c6c6572223b733a363a226d6574686f64223b733a383a2266756e6374696f6e223b733a363a2264656c657465223b7d693a32383b613a323a7b733a31303a22636f6e74726f6c6c6572223b733a31303a22636f6e74726f6c6c6572223b733a383a2266756e6374696f6e223b733a363a226d6f64696679223b7d693a32393b613a323a7b733a31303a22636f6e74726f6c6c6572223b733a31303a22636f6e74726f6c6c6572223b733a383a2266756e6374696f6e223b733a333a22616464223b7d693a33303b613a323a7b733a31303a22636f6e74726f6c6c6572223b733a31303a22636f6e74726f6c6c6572223b733a383a2266756e6374696f6e223b733a363a2264656c657465223b7d693a33313b613a323a7b733a31303a22636f6e74726f6c6c6572223b733a31303a22636f6e74726f6c6c6572223b733a383a2266756e6374696f6e223b733a343a2270616765223b7d693a33323b613a323a7b733a31303a22636f6e74726f6c6c6572223b733a363a22617574686f78223b733a383a2266756e6374696f6e223b733a363a22757064617465223b7d693a33333b613a323a7b733a31303a22636f6e74726f6c6c6572223b733a363a22617574686f78223b733a383a2266756e6374696f6e223b733a353a226861766564223b7d693a33343b613a323a7b733a31303a22636f6e74726f6c6c6572223b733a31323a2267726f75705f64657461696c223b733a383a2266756e6374696f6e223b733a363a22757064617465223b7d693a33353b613a323a7b733a31303a22636f6e74726f6c6c6572223b733a31323a2267726f75705f64657461696c223b733a383a2266756e6374696f6e223b733a353a226861766564223b7d693a33363b613a323a7b733a31303a22636f6e74726f6c6c6572223b733a363a226d6f64756c65223b733a383a2266756e6374696f6e223b733a363a226d6f64696679223b7d693a33373b613a323a7b733a31303a22636f6e74726f6c6c6572223b733a363a226d6f64756c65223b733a383a2266756e6374696f6e223b733a333a22617069223b7d693a33383b613a323a7b733a31303a22636f6e74726f6c6c6572223b733a363a226d6f64756c65223b733a383a2266756e6374696f6e223b733a31323a226d6f646966795f6669656c64223b7d693a33393b613a323a7b733a31303a22636f6e74726f6c6c6572223b733a363a226d6f64756c65223b733a383a2266756e6374696f6e223b733a31323a2264656c6574655f6669656c64223b7d693a34303b613a323a7b733a31303a22636f6e74726f6c6c6572223b733a363a226d6f64756c65223b733a383a2266756e6374696f6e223b733a343a22696e6974223b7d693a34313b613a323a7b733a31303a22636f6e74726f6c6c6572223b733a363a226d6f64756c65223b733a383a2266756e6374696f6e223b733a393a226164645f6669656c64223b7d693a34323b613a323a7b733a31303a22636f6e74726f6c6c6572223b733a363a22726f75746572223b733a383a2266756e6374696f6e223b733a383a2274656d706c617465223b7d693a34333b613a323a7b733a31303a22636f6e74726f6c6c6572223b733a363a22726f75746572223b733a383a2266756e6374696f6e223b733a363a226d6f64696679223b7d693a34343b613a323a7b733a31303a22636f6e74726f6c6c6572223b733a363a22726f75746572223b733a383a2266756e6374696f6e223b733a363a2264656c657465223b7d693a34353b613a323a7b733a31303a22636f6e74726f6c6c6572223b733a363a22726f75746572223b733a383a2266756e6374696f6e223b733a333a22616464223b7d693a34363b613a323a7b733a31303a22636f6e74726f6c6c6572223b733a363a22726f75746572223b733a383a2266756e6374696f6e223b733a353a226974656d73223b7d693a34373b613a323a7b733a31303a22636f6e74726f6c6c6572223b733a383a2274656d706c617465223b733a383a2266756e6374696f6e223b733a363a226d6f64696679223b7d693a34383b613a323a7b733a31303a22636f6e74726f6c6c6572223b733a383a2274656d706c617465223b733a383a2266756e6374696f6e223b733a363a2264656c657465223b7d693a34393b613a323a7b733a31303a22636f6e74726f6c6c6572223b733a383a2274656d706c617465223b733a383a2266756e6374696f6e223b733a333a22616464223b7d693a35303b613a323a7b733a31303a22636f6e74726f6c6c6572223b733a383a2274656d706c617465223b733a383a2266756e6374696f6e223b733a333a22616c6c223b7d693a35313b613a323a7b733a31303a22636f6e74726f6c6c6572223b733a343a2268746d6c223b733a383a2266756e6374696f6e223b733a343a2265646974223b7d693a35323b613a323a7b733a31303a22636f6e74726f6c6c6572223b733a343a2268746d6c223b733a383a2266756e6374696f6e223b733a333a22676574223b7d693a35333b613a323a7b733a31303a22636f6e74726f6c6c6572223b733a343a2268746d6c223b733a383a2266756e6374696f6e223b733a343a2273617665223b7d693a35343b613a323a7b733a31303a22636f6e74726f6c6c6572223b733a363a226d6f64756c65223b733a383a2266756e6374696f6e223b733a383a226170695f666f726d223b7d693a35353b613a323a7b733a31303a22636f6e74726f6c6c6572223b733a363a22726f75746572223b733a383a2266756e6374696f6e223b733a393a227365745f696e646578223b7d7d757365725f69647c733a333a22313330223b757365725f66756c6c6e616d657c733a31353a22e8b685e7baa7e7aea1e79086e59198223b757365725f6e616d657c733a353a2261646d696e223b67726f75705f69647c733a313a2231223b67726f75705f6e616d657c733a31353a22e8b685e7baa7e7aea1e79086e59198223b69735f6c6f67696e7c733a333a22796573223b),
('fsc0ufee0560r048ggqtel5kpfkfhop3', '::1', 1491983846, 0x5f5f63695f6c6173745f726567656e65726174657c693a313439313938333538323b617574686f72697479446174617c613a35363a7b693a303b613a323a7b733a31303a22636f6e74726f6c6c6572223b733a363a226d616e616765223b733a383a2266756e6374696f6e223b733a353a22696e646578223b7d693a313b613a323a7b733a31303a22636f6e74726f6c6c6572223b733a343a2275736572223b733a383a2266756e6374696f6e223b733a393a227061736368616e6765223b7d693a323b613a323a7b733a31303a22636f6e74726f6c6c6572223b733a343a2275736572223b733a383a2266756e6374696f6e223b733a373a22676368616e6765223b7d693a333b613a323a7b733a31303a22636f6e74726f6c6c6572223b733a343a2275736572223b733a383a2266756e6374696f6e223b733a363a2264657461696c223b7d693a343b613a323a7b733a31303a22636f6e74726f6c6c6572223b733a343a2275736572223b733a383a2266756e6374696f6e223b733a383a227265676973746572223b7d693a353b613a323a7b733a31303a22636f6e74726f6c6c6572223b733a343a2275736572223b733a383a2266756e6374696f6e223b733a343a226c6f636b223b7d693a363b613a323a7b733a31303a22636f6e74726f6c6c6572223b733a343a2275736572223b733a383a2266756e6374696f6e223b733a333a22616464223b7d693a373b613a323a7b733a31303a22636f6e74726f6c6c6572223b733a343a2275736572223b733a383a2266756e6374696f6e223b733a363a2264656c657465223b7d693a383b613a323a7b733a31303a22636f6e74726f6c6c6572223b733a343a2275736572223b733a383a2266756e6374696f6e223b733a363a226d6f64696679223b7d693a393b613a323a7b733a31303a22636f6e74726f6c6c6572223b733a343a2275736572223b733a383a2266756e6374696f6e223b733a343a2270616765223b7d693a31303b613a323a7b733a31303a22636f6e74726f6c6c6572223b733a363a226d6f64756c65223b733a383a2266756e6374696f6e223b733a363a2264656c657465223b7d693a31313b613a323a7b733a31303a22636f6e74726f6c6c6572223b733a363a226d6f64756c65223b733a383a2266756e6374696f6e223b733a343a226c617374223b7d693a31323b613a323a7b733a31303a22636f6e74726f6c6c6572223b733a363a226d6f64756c65223b733a383a2266756e6374696f6e223b733a363a22637265617465223b7d693a31333b613a323a7b733a31303a22636f6e74726f6c6c6572223b733a363a226d6f64756c65223b733a383a2266756e6374696f6e223b733a343a22696e666f223b7d693a31343b613a323a7b733a31303a22636f6e74726f6c6c6572223b733a363a226d6f64756c65223b733a383a2266756e6374696f6e223b733a363a2264657461696c223b7d693a31353b613a323a7b733a31303a22636f6e74726f6c6c6572223b733a363a226d6f64756c65223b733a383a2266756e6374696f6e223b733a393a22617661696c61626c65223b7d693a31363b613a323a7b733a31303a22636f6e74726f6c6c6572223b733a363a226d6f64756c65223b733a383a2266756e6374696f6e223b733a343a226c656674223b7d693a31373b613a323a7b733a31303a22636f6e74726f6c6c6572223b733a363a226d6f64756c65223b733a383a2266756e6374696f6e223b733a343a2270616765223b7d693a31383b613a323a7b733a31303a22636f6e74726f6c6c6572223b733a363a226d6f64756c65223b733a383a2266756e6374696f6e223b733a343a226d656e75223b7d693a31393b613a323a7b733a31303a22636f6e74726f6c6c6572223b733a363a226d6f64756c65223b733a383a2266756e6374696f6e223b733a333a22616464223b7d693a32303b613a323a7b733a31303a22636f6e74726f6c6c6572223b733a353a2267726f7570223b733a383a2266756e6374696f6e223b733a363a226d6f64696679223b7d693a32313b613a323a7b733a31303a22636f6e74726f6c6c6572223b733a353a2267726f7570223b733a383a2266756e6374696f6e223b733a363a2264656c657465223b7d693a32323b613a323a7b733a31303a22636f6e74726f6c6c6572223b733a353a2267726f7570223b733a383a2266756e6374696f6e223b733a333a22616464223b7d693a32333b613a323a7b733a31303a22636f6e74726f6c6c6572223b733a353a2267726f7570223b733a383a2266756e6374696f6e223b733a343a2270616765223b7d693a32343b613a323a7b733a31303a22636f6e74726f6c6c6572223b733a363a226d6574686f64223b733a383a2266756e6374696f6e223b733a363a226d6f64696679223b7d693a32353b613a323a7b733a31303a22636f6e74726f6c6c6572223b733a363a226d6574686f64223b733a383a2266756e6374696f6e223b733a343a2270616765223b7d693a32363b613a323a7b733a31303a22636f6e74726f6c6c6572223b733a363a226d6574686f64223b733a383a2266756e6374696f6e223b733a333a22616464223b7d693a32373b613a323a7b733a31303a22636f6e74726f6c6c6572223b733a363a226d6574686f64223b733a383a2266756e6374696f6e223b733a363a2264656c657465223b7d693a32383b613a323a7b733a31303a22636f6e74726f6c6c6572223b733a31303a22636f6e74726f6c6c6572223b733a383a2266756e6374696f6e223b733a363a226d6f64696679223b7d693a32393b613a323a7b733a31303a22636f6e74726f6c6c6572223b733a31303a22636f6e74726f6c6c6572223b733a383a2266756e6374696f6e223b733a333a22616464223b7d693a33303b613a323a7b733a31303a22636f6e74726f6c6c6572223b733a31303a22636f6e74726f6c6c6572223b733a383a2266756e6374696f6e223b733a363a2264656c657465223b7d693a33313b613a323a7b733a31303a22636f6e74726f6c6c6572223b733a31303a22636f6e74726f6c6c6572223b733a383a2266756e6374696f6e223b733a343a2270616765223b7d693a33323b613a323a7b733a31303a22636f6e74726f6c6c6572223b733a363a22617574686f78223b733a383a2266756e6374696f6e223b733a363a22757064617465223b7d693a33333b613a323a7b733a31303a22636f6e74726f6c6c6572223b733a363a22617574686f78223b733a383a2266756e6374696f6e223b733a353a226861766564223b7d693a33343b613a323a7b733a31303a22636f6e74726f6c6c6572223b733a31323a2267726f75705f64657461696c223b733a383a2266756e6374696f6e223b733a363a22757064617465223b7d693a33353b613a323a7b733a31303a22636f6e74726f6c6c6572223b733a31323a2267726f75705f64657461696c223b733a383a2266756e6374696f6e223b733a353a226861766564223b7d693a33363b613a323a7b733a31303a22636f6e74726f6c6c6572223b733a363a226d6f64756c65223b733a383a2266756e6374696f6e223b733a363a226d6f64696679223b7d693a33373b613a323a7b733a31303a22636f6e74726f6c6c6572223b733a363a226d6f64756c65223b733a383a2266756e6374696f6e223b733a333a22617069223b7d693a33383b613a323a7b733a31303a22636f6e74726f6c6c6572223b733a363a226d6f64756c65223b733a383a2266756e6374696f6e223b733a31323a226d6f646966795f6669656c64223b7d693a33393b613a323a7b733a31303a22636f6e74726f6c6c6572223b733a363a226d6f64756c65223b733a383a2266756e6374696f6e223b733a31323a2264656c6574655f6669656c64223b7d693a34303b613a323a7b733a31303a22636f6e74726f6c6c6572223b733a363a226d6f64756c65223b733a383a2266756e6374696f6e223b733a343a22696e6974223b7d693a34313b613a323a7b733a31303a22636f6e74726f6c6c6572223b733a363a226d6f64756c65223b733a383a2266756e6374696f6e223b733a393a226164645f6669656c64223b7d693a34323b613a323a7b733a31303a22636f6e74726f6c6c6572223b733a363a22726f75746572223b733a383a2266756e6374696f6e223b733a383a2274656d706c617465223b7d693a34333b613a323a7b733a31303a22636f6e74726f6c6c6572223b733a363a22726f75746572223b733a383a2266756e6374696f6e223b733a363a226d6f64696679223b7d693a34343b613a323a7b733a31303a22636f6e74726f6c6c6572223b733a363a22726f75746572223b733a383a2266756e6374696f6e223b733a363a2264656c657465223b7d693a34353b613a323a7b733a31303a22636f6e74726f6c6c6572223b733a363a22726f75746572223b733a383a2266756e6374696f6e223b733a333a22616464223b7d693a34363b613a323a7b733a31303a22636f6e74726f6c6c6572223b733a363a22726f75746572223b733a383a2266756e6374696f6e223b733a353a226974656d73223b7d693a34373b613a323a7b733a31303a22636f6e74726f6c6c6572223b733a383a2274656d706c617465223b733a383a2266756e6374696f6e223b733a363a226d6f64696679223b7d693a34383b613a323a7b733a31303a22636f6e74726f6c6c6572223b733a383a2274656d706c617465223b733a383a2266756e6374696f6e223b733a363a2264656c657465223b7d693a34393b613a323a7b733a31303a22636f6e74726f6c6c6572223b733a383a2274656d706c617465223b733a383a2266756e6374696f6e223b733a333a22616464223b7d693a35303b613a323a7b733a31303a22636f6e74726f6c6c6572223b733a383a2274656d706c617465223b733a383a2266756e6374696f6e223b733a333a22616c6c223b7d693a35313b613a323a7b733a31303a22636f6e74726f6c6c6572223b733a343a2268746d6c223b733a383a2266756e6374696f6e223b733a343a2265646974223b7d693a35323b613a323a7b733a31303a22636f6e74726f6c6c6572223b733a343a2268746d6c223b733a383a2266756e6374696f6e223b733a333a22676574223b7d693a35333b613a323a7b733a31303a22636f6e74726f6c6c6572223b733a343a2268746d6c223b733a383a2266756e6374696f6e223b733a343a2273617665223b7d693a35343b613a323a7b733a31303a22636f6e74726f6c6c6572223b733a363a226d6f64756c65223b733a383a2266756e6374696f6e223b733a383a226170695f666f726d223b7d693a35353b613a323a7b733a31303a22636f6e74726f6c6c6572223b733a363a22726f75746572223b733a383a2266756e6374696f6e223b733a393a227365745f696e646578223b7d7d757365725f69647c733a333a22313330223b757365725f66756c6c6e616d657c733a31353a22e8b685e7baa7e7aea1e79086e59198223b757365725f6e616d657c733a353a2261646d696e223b67726f75705f69647c733a313a2231223b67726f75705f6e616d657c733a31353a22e8b685e7baa7e7aea1e79086e59198223b69735f6c6f67696e7c733a333a22796573223b),
('l41fjt43eoqcdk105l47qjjlur7sjm70', '::1', 1491984152, 0x5f5f63695f6c6173745f726567656e65726174657c693a313439313938333932323b617574686f72697479446174617c613a35363a7b693a303b613a323a7b733a31303a22636f6e74726f6c6c6572223b733a363a226d616e616765223b733a383a2266756e6374696f6e223b733a353a22696e646578223b7d693a313b613a323a7b733a31303a22636f6e74726f6c6c6572223b733a343a2275736572223b733a383a2266756e6374696f6e223b733a393a227061736368616e6765223b7d693a323b613a323a7b733a31303a22636f6e74726f6c6c6572223b733a343a2275736572223b733a383a2266756e6374696f6e223b733a373a22676368616e6765223b7d693a333b613a323a7b733a31303a22636f6e74726f6c6c6572223b733a343a2275736572223b733a383a2266756e6374696f6e223b733a363a2264657461696c223b7d693a343b613a323a7b733a31303a22636f6e74726f6c6c6572223b733a343a2275736572223b733a383a2266756e6374696f6e223b733a383a227265676973746572223b7d693a353b613a323a7b733a31303a22636f6e74726f6c6c6572223b733a343a2275736572223b733a383a2266756e6374696f6e223b733a343a226c6f636b223b7d693a363b613a323a7b733a31303a22636f6e74726f6c6c6572223b733a343a2275736572223b733a383a2266756e6374696f6e223b733a333a22616464223b7d693a373b613a323a7b733a31303a22636f6e74726f6c6c6572223b733a343a2275736572223b733a383a2266756e6374696f6e223b733a363a2264656c657465223b7d693a383b613a323a7b733a31303a22636f6e74726f6c6c6572223b733a343a2275736572223b733a383a2266756e6374696f6e223b733a363a226d6f64696679223b7d693a393b613a323a7b733a31303a22636f6e74726f6c6c6572223b733a343a2275736572223b733a383a2266756e6374696f6e223b733a343a2270616765223b7d693a31303b613a323a7b733a31303a22636f6e74726f6c6c6572223b733a363a226d6f64756c65223b733a383a2266756e6374696f6e223b733a363a2264656c657465223b7d693a31313b613a323a7b733a31303a22636f6e74726f6c6c6572223b733a363a226d6f64756c65223b733a383a2266756e6374696f6e223b733a343a226c617374223b7d693a31323b613a323a7b733a31303a22636f6e74726f6c6c6572223b733a363a226d6f64756c65223b733a383a2266756e6374696f6e223b733a363a22637265617465223b7d693a31333b613a323a7b733a31303a22636f6e74726f6c6c6572223b733a363a226d6f64756c65223b733a383a2266756e6374696f6e223b733a343a22696e666f223b7d693a31343b613a323a7b733a31303a22636f6e74726f6c6c6572223b733a363a226d6f64756c65223b733a383a2266756e6374696f6e223b733a363a2264657461696c223b7d693a31353b613a323a7b733a31303a22636f6e74726f6c6c6572223b733a363a226d6f64756c65223b733a383a2266756e6374696f6e223b733a393a22617661696c61626c65223b7d693a31363b613a323a7b733a31303a22636f6e74726f6c6c6572223b733a363a226d6f64756c65223b733a383a2266756e6374696f6e223b733a343a226c656674223b7d693a31373b613a323a7b733a31303a22636f6e74726f6c6c6572223b733a363a226d6f64756c65223b733a383a2266756e6374696f6e223b733a343a2270616765223b7d693a31383b613a323a7b733a31303a22636f6e74726f6c6c6572223b733a363a226d6f64756c65223b733a383a2266756e6374696f6e223b733a343a226d656e75223b7d693a31393b613a323a7b733a31303a22636f6e74726f6c6c6572223b733a363a226d6f64756c65223b733a383a2266756e6374696f6e223b733a333a22616464223b7d693a32303b613a323a7b733a31303a22636f6e74726f6c6c6572223b733a353a2267726f7570223b733a383a2266756e6374696f6e223b733a363a226d6f64696679223b7d693a32313b613a323a7b733a31303a22636f6e74726f6c6c6572223b733a353a2267726f7570223b733a383a2266756e6374696f6e223b733a363a2264656c657465223b7d693a32323b613a323a7b733a31303a22636f6e74726f6c6c6572223b733a353a2267726f7570223b733a383a2266756e6374696f6e223b733a333a22616464223b7d693a32333b613a323a7b733a31303a22636f6e74726f6c6c6572223b733a353a2267726f7570223b733a383a2266756e6374696f6e223b733a343a2270616765223b7d693a32343b613a323a7b733a31303a22636f6e74726f6c6c6572223b733a363a226d6574686f64223b733a383a2266756e6374696f6e223b733a363a226d6f64696679223b7d693a32353b613a323a7b733a31303a22636f6e74726f6c6c6572223b733a363a226d6574686f64223b733a383a2266756e6374696f6e223b733a343a2270616765223b7d693a32363b613a323a7b733a31303a22636f6e74726f6c6c6572223b733a363a226d6574686f64223b733a383a2266756e6374696f6e223b733a333a22616464223b7d693a32373b613a323a7b733a31303a22636f6e74726f6c6c6572223b733a363a226d6574686f64223b733a383a2266756e6374696f6e223b733a363a2264656c657465223b7d693a32383b613a323a7b733a31303a22636f6e74726f6c6c6572223b733a31303a22636f6e74726f6c6c6572223b733a383a2266756e6374696f6e223b733a363a226d6f64696679223b7d693a32393b613a323a7b733a31303a22636f6e74726f6c6c6572223b733a31303a22636f6e74726f6c6c6572223b733a383a2266756e6374696f6e223b733a333a22616464223b7d693a33303b613a323a7b733a31303a22636f6e74726f6c6c6572223b733a31303a22636f6e74726f6c6c6572223b733a383a2266756e6374696f6e223b733a363a2264656c657465223b7d693a33313b613a323a7b733a31303a22636f6e74726f6c6c6572223b733a31303a22636f6e74726f6c6c6572223b733a383a2266756e6374696f6e223b733a343a2270616765223b7d693a33323b613a323a7b733a31303a22636f6e74726f6c6c6572223b733a363a22617574686f78223b733a383a2266756e6374696f6e223b733a363a22757064617465223b7d693a33333b613a323a7b733a31303a22636f6e74726f6c6c6572223b733a363a22617574686f78223b733a383a2266756e6374696f6e223b733a353a226861766564223b7d693a33343b613a323a7b733a31303a22636f6e74726f6c6c6572223b733a31323a2267726f75705f64657461696c223b733a383a2266756e6374696f6e223b733a363a22757064617465223b7d693a33353b613a323a7b733a31303a22636f6e74726f6c6c6572223b733a31323a2267726f75705f64657461696c223b733a383a2266756e6374696f6e223b733a353a226861766564223b7d693a33363b613a323a7b733a31303a22636f6e74726f6c6c6572223b733a363a226d6f64756c65223b733a383a2266756e6374696f6e223b733a363a226d6f64696679223b7d693a33373b613a323a7b733a31303a22636f6e74726f6c6c6572223b733a363a226d6f64756c65223b733a383a2266756e6374696f6e223b733a333a22617069223b7d693a33383b613a323a7b733a31303a22636f6e74726f6c6c6572223b733a363a226d6f64756c65223b733a383a2266756e6374696f6e223b733a31323a226d6f646966795f6669656c64223b7d693a33393b613a323a7b733a31303a22636f6e74726f6c6c6572223b733a363a226d6f64756c65223b733a383a2266756e6374696f6e223b733a31323a2264656c6574655f6669656c64223b7d693a34303b613a323a7b733a31303a22636f6e74726f6c6c6572223b733a363a226d6f64756c65223b733a383a2266756e6374696f6e223b733a343a22696e6974223b7d693a34313b613a323a7b733a31303a22636f6e74726f6c6c6572223b733a363a226d6f64756c65223b733a383a2266756e6374696f6e223b733a393a226164645f6669656c64223b7d693a34323b613a323a7b733a31303a22636f6e74726f6c6c6572223b733a363a22726f75746572223b733a383a2266756e6374696f6e223b733a383a2274656d706c617465223b7d693a34333b613a323a7b733a31303a22636f6e74726f6c6c6572223b733a363a22726f75746572223b733a383a2266756e6374696f6e223b733a363a226d6f64696679223b7d693a34343b613a323a7b733a31303a22636f6e74726f6c6c6572223b733a363a22726f75746572223b733a383a2266756e6374696f6e223b733a363a2264656c657465223b7d693a34353b613a323a7b733a31303a22636f6e74726f6c6c6572223b733a363a22726f75746572223b733a383a2266756e6374696f6e223b733a333a22616464223b7d693a34363b613a323a7b733a31303a22636f6e74726f6c6c6572223b733a363a22726f75746572223b733a383a2266756e6374696f6e223b733a353a226974656d73223b7d693a34373b613a323a7b733a31303a22636f6e74726f6c6c6572223b733a383a2274656d706c617465223b733a383a2266756e6374696f6e223b733a363a226d6f64696679223b7d693a34383b613a323a7b733a31303a22636f6e74726f6c6c6572223b733a383a2274656d706c617465223b733a383a2266756e6374696f6e223b733a363a2264656c657465223b7d693a34393b613a323a7b733a31303a22636f6e74726f6c6c6572223b733a383a2274656d706c617465223b733a383a2266756e6374696f6e223b733a333a22616464223b7d693a35303b613a323a7b733a31303a22636f6e74726f6c6c6572223b733a383a2274656d706c617465223b733a383a2266756e6374696f6e223b733a333a22616c6c223b7d693a35313b613a323a7b733a31303a22636f6e74726f6c6c6572223b733a343a2268746d6c223b733a383a2266756e6374696f6e223b733a343a2265646974223b7d693a35323b613a323a7b733a31303a22636f6e74726f6c6c6572223b733a343a2268746d6c223b733a383a2266756e6374696f6e223b733a333a22676574223b7d693a35333b613a323a7b733a31303a22636f6e74726f6c6c6572223b733a343a2268746d6c223b733a383a2266756e6374696f6e223b733a343a2273617665223b7d693a35343b613a323a7b733a31303a22636f6e74726f6c6c6572223b733a363a226d6f64756c65223b733a383a2266756e6374696f6e223b733a383a226170695f666f726d223b7d693a35353b613a323a7b733a31303a22636f6e74726f6c6c6572223b733a363a22726f75746572223b733a383a2266756e6374696f6e223b733a393a227365745f696e646578223b7d7d757365725f69647c733a333a22313330223b757365725f66756c6c6e616d657c733a31353a22e8b685e7baa7e7aea1e79086e59198223b757365725f6e616d657c733a353a2261646d696e223b67726f75705f69647c733a313a2231223b67726f75705f6e616d657c733a31353a22e8b685e7baa7e7aea1e79086e59198223b69735f6c6f67696e7c733a333a22796573223b),
('32uq3b2go974sm0jh7s6m1cv1m4ddemt', '::1', 1491984421, 0x5f5f63695f6c6173745f726567656e65726174657c693a313439313938343234383b617574686f72697479446174617c613a35363a7b693a303b613a323a7b733a31303a22636f6e74726f6c6c6572223b733a363a226d616e616765223b733a383a2266756e6374696f6e223b733a353a22696e646578223b7d693a313b613a323a7b733a31303a22636f6e74726f6c6c6572223b733a343a2275736572223b733a383a2266756e6374696f6e223b733a393a227061736368616e6765223b7d693a323b613a323a7b733a31303a22636f6e74726f6c6c6572223b733a343a2275736572223b733a383a2266756e6374696f6e223b733a373a22676368616e6765223b7d693a333b613a323a7b733a31303a22636f6e74726f6c6c6572223b733a343a2275736572223b733a383a2266756e6374696f6e223b733a363a2264657461696c223b7d693a343b613a323a7b733a31303a22636f6e74726f6c6c6572223b733a343a2275736572223b733a383a2266756e6374696f6e223b733a383a227265676973746572223b7d693a353b613a323a7b733a31303a22636f6e74726f6c6c6572223b733a343a2275736572223b733a383a2266756e6374696f6e223b733a343a226c6f636b223b7d693a363b613a323a7b733a31303a22636f6e74726f6c6c6572223b733a343a2275736572223b733a383a2266756e6374696f6e223b733a333a22616464223b7d693a373b613a323a7b733a31303a22636f6e74726f6c6c6572223b733a343a2275736572223b733a383a2266756e6374696f6e223b733a363a2264656c657465223b7d693a383b613a323a7b733a31303a22636f6e74726f6c6c6572223b733a343a2275736572223b733a383a2266756e6374696f6e223b733a363a226d6f64696679223b7d693a393b613a323a7b733a31303a22636f6e74726f6c6c6572223b733a343a2275736572223b733a383a2266756e6374696f6e223b733a343a2270616765223b7d693a31303b613a323a7b733a31303a22636f6e74726f6c6c6572223b733a363a226d6f64756c65223b733a383a2266756e6374696f6e223b733a363a2264656c657465223b7d693a31313b613a323a7b733a31303a22636f6e74726f6c6c6572223b733a363a226d6f64756c65223b733a383a2266756e6374696f6e223b733a343a226c617374223b7d693a31323b613a323a7b733a31303a22636f6e74726f6c6c6572223b733a363a226d6f64756c65223b733a383a2266756e6374696f6e223b733a363a22637265617465223b7d693a31333b613a323a7b733a31303a22636f6e74726f6c6c6572223b733a363a226d6f64756c65223b733a383a2266756e6374696f6e223b733a343a22696e666f223b7d693a31343b613a323a7b733a31303a22636f6e74726f6c6c6572223b733a363a226d6f64756c65223b733a383a2266756e6374696f6e223b733a363a2264657461696c223b7d693a31353b613a323a7b733a31303a22636f6e74726f6c6c6572223b733a363a226d6f64756c65223b733a383a2266756e6374696f6e223b733a393a22617661696c61626c65223b7d693a31363b613a323a7b733a31303a22636f6e74726f6c6c6572223b733a363a226d6f64756c65223b733a383a2266756e6374696f6e223b733a343a226c656674223b7d693a31373b613a323a7b733a31303a22636f6e74726f6c6c6572223b733a363a226d6f64756c65223b733a383a2266756e6374696f6e223b733a343a2270616765223b7d693a31383b613a323a7b733a31303a22636f6e74726f6c6c6572223b733a363a226d6f64756c65223b733a383a2266756e6374696f6e223b733a343a226d656e75223b7d693a31393b613a323a7b733a31303a22636f6e74726f6c6c6572223b733a363a226d6f64756c65223b733a383a2266756e6374696f6e223b733a333a22616464223b7d693a32303b613a323a7b733a31303a22636f6e74726f6c6c6572223b733a353a2267726f7570223b733a383a2266756e6374696f6e223b733a363a226d6f64696679223b7d693a32313b613a323a7b733a31303a22636f6e74726f6c6c6572223b733a353a2267726f7570223b733a383a2266756e6374696f6e223b733a363a2264656c657465223b7d693a32323b613a323a7b733a31303a22636f6e74726f6c6c6572223b733a353a2267726f7570223b733a383a2266756e6374696f6e223b733a333a22616464223b7d693a32333b613a323a7b733a31303a22636f6e74726f6c6c6572223b733a353a2267726f7570223b733a383a2266756e6374696f6e223b733a343a2270616765223b7d693a32343b613a323a7b733a31303a22636f6e74726f6c6c6572223b733a363a226d6574686f64223b733a383a2266756e6374696f6e223b733a363a226d6f64696679223b7d693a32353b613a323a7b733a31303a22636f6e74726f6c6c6572223b733a363a226d6574686f64223b733a383a2266756e6374696f6e223b733a343a2270616765223b7d693a32363b613a323a7b733a31303a22636f6e74726f6c6c6572223b733a363a226d6574686f64223b733a383a2266756e6374696f6e223b733a333a22616464223b7d693a32373b613a323a7b733a31303a22636f6e74726f6c6c6572223b733a363a226d6574686f64223b733a383a2266756e6374696f6e223b733a363a2264656c657465223b7d693a32383b613a323a7b733a31303a22636f6e74726f6c6c6572223b733a31303a22636f6e74726f6c6c6572223b733a383a2266756e6374696f6e223b733a363a226d6f64696679223b7d693a32393b613a323a7b733a31303a22636f6e74726f6c6c6572223b733a31303a22636f6e74726f6c6c6572223b733a383a2266756e6374696f6e223b733a333a22616464223b7d693a33303b613a323a7b733a31303a22636f6e74726f6c6c6572223b733a31303a22636f6e74726f6c6c6572223b733a383a2266756e6374696f6e223b733a363a2264656c657465223b7d693a33313b613a323a7b733a31303a22636f6e74726f6c6c6572223b733a31303a22636f6e74726f6c6c6572223b733a383a2266756e6374696f6e223b733a343a2270616765223b7d693a33323b613a323a7b733a31303a22636f6e74726f6c6c6572223b733a363a22617574686f78223b733a383a2266756e6374696f6e223b733a363a22757064617465223b7d693a33333b613a323a7b733a31303a22636f6e74726f6c6c6572223b733a363a22617574686f78223b733a383a2266756e6374696f6e223b733a353a226861766564223b7d693a33343b613a323a7b733a31303a22636f6e74726f6c6c6572223b733a31323a2267726f75705f64657461696c223b733a383a2266756e6374696f6e223b733a363a22757064617465223b7d693a33353b613a323a7b733a31303a22636f6e74726f6c6c6572223b733a31323a2267726f75705f64657461696c223b733a383a2266756e6374696f6e223b733a353a226861766564223b7d693a33363b613a323a7b733a31303a22636f6e74726f6c6c6572223b733a363a226d6f64756c65223b733a383a2266756e6374696f6e223b733a363a226d6f64696679223b7d693a33373b613a323a7b733a31303a22636f6e74726f6c6c6572223b733a363a226d6f64756c65223b733a383a2266756e6374696f6e223b733a333a22617069223b7d693a33383b613a323a7b733a31303a22636f6e74726f6c6c6572223b733a363a226d6f64756c65223b733a383a2266756e6374696f6e223b733a31323a226d6f646966795f6669656c64223b7d693a33393b613a323a7b733a31303a22636f6e74726f6c6c6572223b733a363a226d6f64756c65223b733a383a2266756e6374696f6e223b733a31323a2264656c6574655f6669656c64223b7d693a34303b613a323a7b733a31303a22636f6e74726f6c6c6572223b733a363a226d6f64756c65223b733a383a2266756e6374696f6e223b733a343a22696e6974223b7d693a34313b613a323a7b733a31303a22636f6e74726f6c6c6572223b733a363a226d6f64756c65223b733a383a2266756e6374696f6e223b733a393a226164645f6669656c64223b7d693a34323b613a323a7b733a31303a22636f6e74726f6c6c6572223b733a363a22726f75746572223b733a383a2266756e6374696f6e223b733a383a2274656d706c617465223b7d693a34333b613a323a7b733a31303a22636f6e74726f6c6c6572223b733a363a22726f75746572223b733a383a2266756e6374696f6e223b733a363a226d6f64696679223b7d693a34343b613a323a7b733a31303a22636f6e74726f6c6c6572223b733a363a22726f75746572223b733a383a2266756e6374696f6e223b733a363a2264656c657465223b7d693a34353b613a323a7b733a31303a22636f6e74726f6c6c6572223b733a363a22726f75746572223b733a383a2266756e6374696f6e223b733a333a22616464223b7d693a34363b613a323a7b733a31303a22636f6e74726f6c6c6572223b733a363a22726f75746572223b733a383a2266756e6374696f6e223b733a353a226974656d73223b7d693a34373b613a323a7b733a31303a22636f6e74726f6c6c6572223b733a383a2274656d706c617465223b733a383a2266756e6374696f6e223b733a363a226d6f64696679223b7d693a34383b613a323a7b733a31303a22636f6e74726f6c6c6572223b733a383a2274656d706c617465223b733a383a2266756e6374696f6e223b733a363a2264656c657465223b7d693a34393b613a323a7b733a31303a22636f6e74726f6c6c6572223b733a383a2274656d706c617465223b733a383a2266756e6374696f6e223b733a333a22616464223b7d693a35303b613a323a7b733a31303a22636f6e74726f6c6c6572223b733a383a2274656d706c617465223b733a383a2266756e6374696f6e223b733a333a22616c6c223b7d693a35313b613a323a7b733a31303a22636f6e74726f6c6c6572223b733a343a2268746d6c223b733a383a2266756e6374696f6e223b733a343a2265646974223b7d693a35323b613a323a7b733a31303a22636f6e74726f6c6c6572223b733a343a2268746d6c223b733a383a2266756e6374696f6e223b733a333a22676574223b7d693a35333b613a323a7b733a31303a22636f6e74726f6c6c6572223b733a343a2268746d6c223b733a383a2266756e6374696f6e223b733a343a2273617665223b7d693a35343b613a323a7b733a31303a22636f6e74726f6c6c6572223b733a363a226d6f64756c65223b733a383a2266756e6374696f6e223b733a383a226170695f666f726d223b7d693a35353b613a323a7b733a31303a22636f6e74726f6c6c6572223b733a363a22726f75746572223b733a383a2266756e6374696f6e223b733a393a227365745f696e646578223b7d7d757365725f69647c733a333a22313330223b757365725f66756c6c6e616d657c733a31353a22e8b685e7baa7e7aea1e79086e59198223b757365725f6e616d657c733a353a2261646d696e223b67726f75705f69647c733a313a2231223b67726f75705f6e616d657c733a31353a22e8b685e7baa7e7aea1e79086e59198223b69735f6c6f67696e7c733a333a22796573223b),
('les0mmftdkre13610fllbvenleuvro4h', '::1', 1491985051, 0x5f5f63695f6c6173745f726567656e65726174657c693a313439313938353035313b617574686f72697479446174617c613a35363a7b693a303b613a323a7b733a31303a22636f6e74726f6c6c6572223b733a363a226d616e616765223b733a383a2266756e6374696f6e223b733a353a22696e646578223b7d693a313b613a323a7b733a31303a22636f6e74726f6c6c6572223b733a343a2275736572223b733a383a2266756e6374696f6e223b733a393a227061736368616e6765223b7d693a323b613a323a7b733a31303a22636f6e74726f6c6c6572223b733a343a2275736572223b733a383a2266756e6374696f6e223b733a373a22676368616e6765223b7d693a333b613a323a7b733a31303a22636f6e74726f6c6c6572223b733a343a2275736572223b733a383a2266756e6374696f6e223b733a363a2264657461696c223b7d693a343b613a323a7b733a31303a22636f6e74726f6c6c6572223b733a343a2275736572223b733a383a2266756e6374696f6e223b733a383a227265676973746572223b7d693a353b613a323a7b733a31303a22636f6e74726f6c6c6572223b733a343a2275736572223b733a383a2266756e6374696f6e223b733a343a226c6f636b223b7d693a363b613a323a7b733a31303a22636f6e74726f6c6c6572223b733a343a2275736572223b733a383a2266756e6374696f6e223b733a333a22616464223b7d693a373b613a323a7b733a31303a22636f6e74726f6c6c6572223b733a343a2275736572223b733a383a2266756e6374696f6e223b733a363a2264656c657465223b7d693a383b613a323a7b733a31303a22636f6e74726f6c6c6572223b733a343a2275736572223b733a383a2266756e6374696f6e223b733a363a226d6f64696679223b7d693a393b613a323a7b733a31303a22636f6e74726f6c6c6572223b733a343a2275736572223b733a383a2266756e6374696f6e223b733a343a2270616765223b7d693a31303b613a323a7b733a31303a22636f6e74726f6c6c6572223b733a363a226d6f64756c65223b733a383a2266756e6374696f6e223b733a363a2264656c657465223b7d693a31313b613a323a7b733a31303a22636f6e74726f6c6c6572223b733a363a226d6f64756c65223b733a383a2266756e6374696f6e223b733a343a226c617374223b7d693a31323b613a323a7b733a31303a22636f6e74726f6c6c6572223b733a363a226d6f64756c65223b733a383a2266756e6374696f6e223b733a363a22637265617465223b7d693a31333b613a323a7b733a31303a22636f6e74726f6c6c6572223b733a363a226d6f64756c65223b733a383a2266756e6374696f6e223b733a343a22696e666f223b7d693a31343b613a323a7b733a31303a22636f6e74726f6c6c6572223b733a363a226d6f64756c65223b733a383a2266756e6374696f6e223b733a363a2264657461696c223b7d693a31353b613a323a7b733a31303a22636f6e74726f6c6c6572223b733a363a226d6f64756c65223b733a383a2266756e6374696f6e223b733a393a22617661696c61626c65223b7d693a31363b613a323a7b733a31303a22636f6e74726f6c6c6572223b733a363a226d6f64756c65223b733a383a2266756e6374696f6e223b733a343a226c656674223b7d693a31373b613a323a7b733a31303a22636f6e74726f6c6c6572223b733a363a226d6f64756c65223b733a383a2266756e6374696f6e223b733a343a2270616765223b7d693a31383b613a323a7b733a31303a22636f6e74726f6c6c6572223b733a363a226d6f64756c65223b733a383a2266756e6374696f6e223b733a343a226d656e75223b7d693a31393b613a323a7b733a31303a22636f6e74726f6c6c6572223b733a363a226d6f64756c65223b733a383a2266756e6374696f6e223b733a333a22616464223b7d693a32303b613a323a7b733a31303a22636f6e74726f6c6c6572223b733a353a2267726f7570223b733a383a2266756e6374696f6e223b733a363a226d6f64696679223b7d693a32313b613a323a7b733a31303a22636f6e74726f6c6c6572223b733a353a2267726f7570223b733a383a2266756e6374696f6e223b733a363a2264656c657465223b7d693a32323b613a323a7b733a31303a22636f6e74726f6c6c6572223b733a353a2267726f7570223b733a383a2266756e6374696f6e223b733a333a22616464223b7d693a32333b613a323a7b733a31303a22636f6e74726f6c6c6572223b733a353a2267726f7570223b733a383a2266756e6374696f6e223b733a343a2270616765223b7d693a32343b613a323a7b733a31303a22636f6e74726f6c6c6572223b733a363a226d6574686f64223b733a383a2266756e6374696f6e223b733a363a226d6f64696679223b7d693a32353b613a323a7b733a31303a22636f6e74726f6c6c6572223b733a363a226d6574686f64223b733a383a2266756e6374696f6e223b733a343a2270616765223b7d693a32363b613a323a7b733a31303a22636f6e74726f6c6c6572223b733a363a226d6574686f64223b733a383a2266756e6374696f6e223b733a333a22616464223b7d693a32373b613a323a7b733a31303a22636f6e74726f6c6c6572223b733a363a226d6574686f64223b733a383a2266756e6374696f6e223b733a363a2264656c657465223b7d693a32383b613a323a7b733a31303a22636f6e74726f6c6c6572223b733a31303a22636f6e74726f6c6c6572223b733a383a2266756e6374696f6e223b733a363a226d6f64696679223b7d693a32393b613a323a7b733a31303a22636f6e74726f6c6c6572223b733a31303a22636f6e74726f6c6c6572223b733a383a2266756e6374696f6e223b733a333a22616464223b7d693a33303b613a323a7b733a31303a22636f6e74726f6c6c6572223b733a31303a22636f6e74726f6c6c6572223b733a383a2266756e6374696f6e223b733a363a2264656c657465223b7d693a33313b613a323a7b733a31303a22636f6e74726f6c6c6572223b733a31303a22636f6e74726f6c6c6572223b733a383a2266756e6374696f6e223b733a343a2270616765223b7d693a33323b613a323a7b733a31303a22636f6e74726f6c6c6572223b733a363a22617574686f78223b733a383a2266756e6374696f6e223b733a363a22757064617465223b7d693a33333b613a323a7b733a31303a22636f6e74726f6c6c6572223b733a363a22617574686f78223b733a383a2266756e6374696f6e223b733a353a226861766564223b7d693a33343b613a323a7b733a31303a22636f6e74726f6c6c6572223b733a31323a2267726f75705f64657461696c223b733a383a2266756e6374696f6e223b733a363a22757064617465223b7d693a33353b613a323a7b733a31303a22636f6e74726f6c6c6572223b733a31323a2267726f75705f64657461696c223b733a383a2266756e6374696f6e223b733a353a226861766564223b7d693a33363b613a323a7b733a31303a22636f6e74726f6c6c6572223b733a363a226d6f64756c65223b733a383a2266756e6374696f6e223b733a363a226d6f64696679223b7d693a33373b613a323a7b733a31303a22636f6e74726f6c6c6572223b733a363a226d6f64756c65223b733a383a2266756e6374696f6e223b733a333a22617069223b7d693a33383b613a323a7b733a31303a22636f6e74726f6c6c6572223b733a363a226d6f64756c65223b733a383a2266756e6374696f6e223b733a31323a226d6f646966795f6669656c64223b7d693a33393b613a323a7b733a31303a22636f6e74726f6c6c6572223b733a363a226d6f64756c65223b733a383a2266756e6374696f6e223b733a31323a2264656c6574655f6669656c64223b7d693a34303b613a323a7b733a31303a22636f6e74726f6c6c6572223b733a363a226d6f64756c65223b733a383a2266756e6374696f6e223b733a343a22696e6974223b7d693a34313b613a323a7b733a31303a22636f6e74726f6c6c6572223b733a363a226d6f64756c65223b733a383a2266756e6374696f6e223b733a393a226164645f6669656c64223b7d693a34323b613a323a7b733a31303a22636f6e74726f6c6c6572223b733a363a22726f75746572223b733a383a2266756e6374696f6e223b733a383a2274656d706c617465223b7d693a34333b613a323a7b733a31303a22636f6e74726f6c6c6572223b733a363a22726f75746572223b733a383a2266756e6374696f6e223b733a363a226d6f64696679223b7d693a34343b613a323a7b733a31303a22636f6e74726f6c6c6572223b733a363a22726f75746572223b733a383a2266756e6374696f6e223b733a363a2264656c657465223b7d693a34353b613a323a7b733a31303a22636f6e74726f6c6c6572223b733a363a22726f75746572223b733a383a2266756e6374696f6e223b733a333a22616464223b7d693a34363b613a323a7b733a31303a22636f6e74726f6c6c6572223b733a363a22726f75746572223b733a383a2266756e6374696f6e223b733a353a226974656d73223b7d693a34373b613a323a7b733a31303a22636f6e74726f6c6c6572223b733a383a2274656d706c617465223b733a383a2266756e6374696f6e223b733a363a226d6f64696679223b7d693a34383b613a323a7b733a31303a22636f6e74726f6c6c6572223b733a383a2274656d706c617465223b733a383a2266756e6374696f6e223b733a363a2264656c657465223b7d693a34393b613a323a7b733a31303a22636f6e74726f6c6c6572223b733a383a2274656d706c617465223b733a383a2266756e6374696f6e223b733a333a22616464223b7d693a35303b613a323a7b733a31303a22636f6e74726f6c6c6572223b733a383a2274656d706c617465223b733a383a2266756e6374696f6e223b733a333a22616c6c223b7d693a35313b613a323a7b733a31303a22636f6e74726f6c6c6572223b733a343a2268746d6c223b733a383a2266756e6374696f6e223b733a343a2265646974223b7d693a35323b613a323a7b733a31303a22636f6e74726f6c6c6572223b733a343a2268746d6c223b733a383a2266756e6374696f6e223b733a333a22676574223b7d693a35333b613a323a7b733a31303a22636f6e74726f6c6c6572223b733a343a2268746d6c223b733a383a2266756e6374696f6e223b733a343a2273617665223b7d693a35343b613a323a7b733a31303a22636f6e74726f6c6c6572223b733a363a226d6f64756c65223b733a383a2266756e6374696f6e223b733a383a226170695f666f726d223b7d693a35353b613a323a7b733a31303a22636f6e74726f6c6c6572223b733a363a22726f75746572223b733a383a2266756e6374696f6e223b733a393a227365745f696e646578223b7d7d757365725f69647c733a333a22313330223b757365725f66756c6c6e616d657c733a31353a22e8b685e7baa7e7aea1e79086e59198223b757365725f6e616d657c733a353a2261646d696e223b67726f75705f69647c733a313a2231223b67726f75705f6e616d657c733a31353a22e8b685e7baa7e7aea1e79086e59198223b69735f6c6f67696e7c733a333a22796573223b),
('af5cpom3fh98dmmnka0of5o8edgfnr1j', '::1', 1491986889, 0x5f5f63695f6c6173745f726567656e65726174657c693a313439313938363738313b617574686f72697479446174617c613a35363a7b693a303b613a323a7b733a31303a22636f6e74726f6c6c6572223b733a363a226d616e616765223b733a383a2266756e6374696f6e223b733a353a22696e646578223b7d693a313b613a323a7b733a31303a22636f6e74726f6c6c6572223b733a343a2275736572223b733a383a2266756e6374696f6e223b733a393a227061736368616e6765223b7d693a323b613a323a7b733a31303a22636f6e74726f6c6c6572223b733a343a2275736572223b733a383a2266756e6374696f6e223b733a373a22676368616e6765223b7d693a333b613a323a7b733a31303a22636f6e74726f6c6c6572223b733a343a2275736572223b733a383a2266756e6374696f6e223b733a363a2264657461696c223b7d693a343b613a323a7b733a31303a22636f6e74726f6c6c6572223b733a343a2275736572223b733a383a2266756e6374696f6e223b733a383a227265676973746572223b7d693a353b613a323a7b733a31303a22636f6e74726f6c6c6572223b733a343a2275736572223b733a383a2266756e6374696f6e223b733a343a226c6f636b223b7d693a363b613a323a7b733a31303a22636f6e74726f6c6c6572223b733a343a2275736572223b733a383a2266756e6374696f6e223b733a333a22616464223b7d693a373b613a323a7b733a31303a22636f6e74726f6c6c6572223b733a343a2275736572223b733a383a2266756e6374696f6e223b733a363a2264656c657465223b7d693a383b613a323a7b733a31303a22636f6e74726f6c6c6572223b733a343a2275736572223b733a383a2266756e6374696f6e223b733a363a226d6f64696679223b7d693a393b613a323a7b733a31303a22636f6e74726f6c6c6572223b733a343a2275736572223b733a383a2266756e6374696f6e223b733a343a2270616765223b7d693a31303b613a323a7b733a31303a22636f6e74726f6c6c6572223b733a363a226d6f64756c65223b733a383a2266756e6374696f6e223b733a363a2264656c657465223b7d693a31313b613a323a7b733a31303a22636f6e74726f6c6c6572223b733a363a226d6f64756c65223b733a383a2266756e6374696f6e223b733a343a226c617374223b7d693a31323b613a323a7b733a31303a22636f6e74726f6c6c6572223b733a363a226d6f64756c65223b733a383a2266756e6374696f6e223b733a363a22637265617465223b7d693a31333b613a323a7b733a31303a22636f6e74726f6c6c6572223b733a363a226d6f64756c65223b733a383a2266756e6374696f6e223b733a343a22696e666f223b7d693a31343b613a323a7b733a31303a22636f6e74726f6c6c6572223b733a363a226d6f64756c65223b733a383a2266756e6374696f6e223b733a363a2264657461696c223b7d693a31353b613a323a7b733a31303a22636f6e74726f6c6c6572223b733a363a226d6f64756c65223b733a383a2266756e6374696f6e223b733a393a22617661696c61626c65223b7d693a31363b613a323a7b733a31303a22636f6e74726f6c6c6572223b733a363a226d6f64756c65223b733a383a2266756e6374696f6e223b733a343a226c656674223b7d693a31373b613a323a7b733a31303a22636f6e74726f6c6c6572223b733a363a226d6f64756c65223b733a383a2266756e6374696f6e223b733a343a2270616765223b7d693a31383b613a323a7b733a31303a22636f6e74726f6c6c6572223b733a363a226d6f64756c65223b733a383a2266756e6374696f6e223b733a343a226d656e75223b7d693a31393b613a323a7b733a31303a22636f6e74726f6c6c6572223b733a363a226d6f64756c65223b733a383a2266756e6374696f6e223b733a333a22616464223b7d693a32303b613a323a7b733a31303a22636f6e74726f6c6c6572223b733a353a2267726f7570223b733a383a2266756e6374696f6e223b733a363a226d6f64696679223b7d693a32313b613a323a7b733a31303a22636f6e74726f6c6c6572223b733a353a2267726f7570223b733a383a2266756e6374696f6e223b733a363a2264656c657465223b7d693a32323b613a323a7b733a31303a22636f6e74726f6c6c6572223b733a353a2267726f7570223b733a383a2266756e6374696f6e223b733a333a22616464223b7d693a32333b613a323a7b733a31303a22636f6e74726f6c6c6572223b733a353a2267726f7570223b733a383a2266756e6374696f6e223b733a343a2270616765223b7d693a32343b613a323a7b733a31303a22636f6e74726f6c6c6572223b733a363a226d6574686f64223b733a383a2266756e6374696f6e223b733a363a226d6f64696679223b7d693a32353b613a323a7b733a31303a22636f6e74726f6c6c6572223b733a363a226d6574686f64223b733a383a2266756e6374696f6e223b733a343a2270616765223b7d693a32363b613a323a7b733a31303a22636f6e74726f6c6c6572223b733a363a226d6574686f64223b733a383a2266756e6374696f6e223b733a333a22616464223b7d693a32373b613a323a7b733a31303a22636f6e74726f6c6c6572223b733a363a226d6574686f64223b733a383a2266756e6374696f6e223b733a363a2264656c657465223b7d693a32383b613a323a7b733a31303a22636f6e74726f6c6c6572223b733a31303a22636f6e74726f6c6c6572223b733a383a2266756e6374696f6e223b733a363a226d6f64696679223b7d693a32393b613a323a7b733a31303a22636f6e74726f6c6c6572223b733a31303a22636f6e74726f6c6c6572223b733a383a2266756e6374696f6e223b733a333a22616464223b7d693a33303b613a323a7b733a31303a22636f6e74726f6c6c6572223b733a31303a22636f6e74726f6c6c6572223b733a383a2266756e6374696f6e223b733a363a2264656c657465223b7d693a33313b613a323a7b733a31303a22636f6e74726f6c6c6572223b733a31303a22636f6e74726f6c6c6572223b733a383a2266756e6374696f6e223b733a343a2270616765223b7d693a33323b613a323a7b733a31303a22636f6e74726f6c6c6572223b733a363a22617574686f78223b733a383a2266756e6374696f6e223b733a363a22757064617465223b7d693a33333b613a323a7b733a31303a22636f6e74726f6c6c6572223b733a363a22617574686f78223b733a383a2266756e6374696f6e223b733a353a226861766564223b7d693a33343b613a323a7b733a31303a22636f6e74726f6c6c6572223b733a31323a2267726f75705f64657461696c223b733a383a2266756e6374696f6e223b733a363a22757064617465223b7d693a33353b613a323a7b733a31303a22636f6e74726f6c6c6572223b733a31323a2267726f75705f64657461696c223b733a383a2266756e6374696f6e223b733a353a226861766564223b7d693a33363b613a323a7b733a31303a22636f6e74726f6c6c6572223b733a363a226d6f64756c65223b733a383a2266756e6374696f6e223b733a363a226d6f64696679223b7d693a33373b613a323a7b733a31303a22636f6e74726f6c6c6572223b733a363a226d6f64756c65223b733a383a2266756e6374696f6e223b733a333a22617069223b7d693a33383b613a323a7b733a31303a22636f6e74726f6c6c6572223b733a363a226d6f64756c65223b733a383a2266756e6374696f6e223b733a31323a226d6f646966795f6669656c64223b7d693a33393b613a323a7b733a31303a22636f6e74726f6c6c6572223b733a363a226d6f64756c65223b733a383a2266756e6374696f6e223b733a31323a2264656c6574655f6669656c64223b7d693a34303b613a323a7b733a31303a22636f6e74726f6c6c6572223b733a363a226d6f64756c65223b733a383a2266756e6374696f6e223b733a343a22696e6974223b7d693a34313b613a323a7b733a31303a22636f6e74726f6c6c6572223b733a363a226d6f64756c65223b733a383a2266756e6374696f6e223b733a393a226164645f6669656c64223b7d693a34323b613a323a7b733a31303a22636f6e74726f6c6c6572223b733a363a22726f75746572223b733a383a2266756e6374696f6e223b733a383a2274656d706c617465223b7d693a34333b613a323a7b733a31303a22636f6e74726f6c6c6572223b733a363a22726f75746572223b733a383a2266756e6374696f6e223b733a363a226d6f64696679223b7d693a34343b613a323a7b733a31303a22636f6e74726f6c6c6572223b733a363a22726f75746572223b733a383a2266756e6374696f6e223b733a363a2264656c657465223b7d693a34353b613a323a7b733a31303a22636f6e74726f6c6c6572223b733a363a22726f75746572223b733a383a2266756e6374696f6e223b733a333a22616464223b7d693a34363b613a323a7b733a31303a22636f6e74726f6c6c6572223b733a363a22726f75746572223b733a383a2266756e6374696f6e223b733a353a226974656d73223b7d693a34373b613a323a7b733a31303a22636f6e74726f6c6c6572223b733a383a2274656d706c617465223b733a383a2266756e6374696f6e223b733a363a226d6f64696679223b7d693a34383b613a323a7b733a31303a22636f6e74726f6c6c6572223b733a383a2274656d706c617465223b733a383a2266756e6374696f6e223b733a363a2264656c657465223b7d693a34393b613a323a7b733a31303a22636f6e74726f6c6c6572223b733a383a2274656d706c617465223b733a383a2266756e6374696f6e223b733a333a22616464223b7d693a35303b613a323a7b733a31303a22636f6e74726f6c6c6572223b733a383a2274656d706c617465223b733a383a2266756e6374696f6e223b733a333a22616c6c223b7d693a35313b613a323a7b733a31303a22636f6e74726f6c6c6572223b733a343a2268746d6c223b733a383a2266756e6374696f6e223b733a343a2265646974223b7d693a35323b613a323a7b733a31303a22636f6e74726f6c6c6572223b733a343a2268746d6c223b733a383a2266756e6374696f6e223b733a333a22676574223b7d693a35333b613a323a7b733a31303a22636f6e74726f6c6c6572223b733a343a2268746d6c223b733a383a2266756e6374696f6e223b733a343a2273617665223b7d693a35343b613a323a7b733a31303a22636f6e74726f6c6c6572223b733a363a226d6f64756c65223b733a383a2266756e6374696f6e223b733a383a226170695f666f726d223b7d693a35353b613a323a7b733a31303a22636f6e74726f6c6c6572223b733a363a22726f75746572223b733a383a2266756e6374696f6e223b733a393a227365745f696e646578223b7d7d757365725f69647c733a333a22313330223b757365725f66756c6c6e616d657c733a31353a22e8b685e7baa7e7aea1e79086e59198223b757365725f6e616d657c733a353a2261646d696e223b67726f75705f69647c733a313a2231223b67726f75705f6e616d657c733a31353a22e8b685e7baa7e7aea1e79086e59198223b69735f6c6f67696e7c733a333a22796573223b);
INSERT INTO `ac_sessions` (`id`, `ip_address`, `timestamp`, `data`) VALUES
('fd48p2n92kib8oahkc1r2d8m58bsqpvh', '::1', 1491987610, 0x5f5f63695f6c6173745f726567656e65726174657c693a313439313938373231343b617574686f72697479446174617c613a35363a7b693a303b613a323a7b733a31303a22636f6e74726f6c6c6572223b733a363a226d616e616765223b733a383a2266756e6374696f6e223b733a353a22696e646578223b7d693a313b613a323a7b733a31303a22636f6e74726f6c6c6572223b733a343a2275736572223b733a383a2266756e6374696f6e223b733a393a227061736368616e6765223b7d693a323b613a323a7b733a31303a22636f6e74726f6c6c6572223b733a343a2275736572223b733a383a2266756e6374696f6e223b733a373a22676368616e6765223b7d693a333b613a323a7b733a31303a22636f6e74726f6c6c6572223b733a343a2275736572223b733a383a2266756e6374696f6e223b733a363a2264657461696c223b7d693a343b613a323a7b733a31303a22636f6e74726f6c6c6572223b733a343a2275736572223b733a383a2266756e6374696f6e223b733a383a227265676973746572223b7d693a353b613a323a7b733a31303a22636f6e74726f6c6c6572223b733a343a2275736572223b733a383a2266756e6374696f6e223b733a343a226c6f636b223b7d693a363b613a323a7b733a31303a22636f6e74726f6c6c6572223b733a343a2275736572223b733a383a2266756e6374696f6e223b733a333a22616464223b7d693a373b613a323a7b733a31303a22636f6e74726f6c6c6572223b733a343a2275736572223b733a383a2266756e6374696f6e223b733a363a2264656c657465223b7d693a383b613a323a7b733a31303a22636f6e74726f6c6c6572223b733a343a2275736572223b733a383a2266756e6374696f6e223b733a363a226d6f64696679223b7d693a393b613a323a7b733a31303a22636f6e74726f6c6c6572223b733a343a2275736572223b733a383a2266756e6374696f6e223b733a343a2270616765223b7d693a31303b613a323a7b733a31303a22636f6e74726f6c6c6572223b733a363a226d6f64756c65223b733a383a2266756e6374696f6e223b733a363a2264656c657465223b7d693a31313b613a323a7b733a31303a22636f6e74726f6c6c6572223b733a363a226d6f64756c65223b733a383a2266756e6374696f6e223b733a343a226c617374223b7d693a31323b613a323a7b733a31303a22636f6e74726f6c6c6572223b733a363a226d6f64756c65223b733a383a2266756e6374696f6e223b733a363a22637265617465223b7d693a31333b613a323a7b733a31303a22636f6e74726f6c6c6572223b733a363a226d6f64756c65223b733a383a2266756e6374696f6e223b733a343a22696e666f223b7d693a31343b613a323a7b733a31303a22636f6e74726f6c6c6572223b733a363a226d6f64756c65223b733a383a2266756e6374696f6e223b733a363a2264657461696c223b7d693a31353b613a323a7b733a31303a22636f6e74726f6c6c6572223b733a363a226d6f64756c65223b733a383a2266756e6374696f6e223b733a393a22617661696c61626c65223b7d693a31363b613a323a7b733a31303a22636f6e74726f6c6c6572223b733a363a226d6f64756c65223b733a383a2266756e6374696f6e223b733a343a226c656674223b7d693a31373b613a323a7b733a31303a22636f6e74726f6c6c6572223b733a363a226d6f64756c65223b733a383a2266756e6374696f6e223b733a343a2270616765223b7d693a31383b613a323a7b733a31303a22636f6e74726f6c6c6572223b733a363a226d6f64756c65223b733a383a2266756e6374696f6e223b733a343a226d656e75223b7d693a31393b613a323a7b733a31303a22636f6e74726f6c6c6572223b733a363a226d6f64756c65223b733a383a2266756e6374696f6e223b733a333a22616464223b7d693a32303b613a323a7b733a31303a22636f6e74726f6c6c6572223b733a353a2267726f7570223b733a383a2266756e6374696f6e223b733a363a226d6f64696679223b7d693a32313b613a323a7b733a31303a22636f6e74726f6c6c6572223b733a353a2267726f7570223b733a383a2266756e6374696f6e223b733a363a2264656c657465223b7d693a32323b613a323a7b733a31303a22636f6e74726f6c6c6572223b733a353a2267726f7570223b733a383a2266756e6374696f6e223b733a333a22616464223b7d693a32333b613a323a7b733a31303a22636f6e74726f6c6c6572223b733a353a2267726f7570223b733a383a2266756e6374696f6e223b733a343a2270616765223b7d693a32343b613a323a7b733a31303a22636f6e74726f6c6c6572223b733a363a226d6574686f64223b733a383a2266756e6374696f6e223b733a363a226d6f64696679223b7d693a32353b613a323a7b733a31303a22636f6e74726f6c6c6572223b733a363a226d6574686f64223b733a383a2266756e6374696f6e223b733a343a2270616765223b7d693a32363b613a323a7b733a31303a22636f6e74726f6c6c6572223b733a363a226d6574686f64223b733a383a2266756e6374696f6e223b733a333a22616464223b7d693a32373b613a323a7b733a31303a22636f6e74726f6c6c6572223b733a363a226d6574686f64223b733a383a2266756e6374696f6e223b733a363a2264656c657465223b7d693a32383b613a323a7b733a31303a22636f6e74726f6c6c6572223b733a31303a22636f6e74726f6c6c6572223b733a383a2266756e6374696f6e223b733a363a226d6f64696679223b7d693a32393b613a323a7b733a31303a22636f6e74726f6c6c6572223b733a31303a22636f6e74726f6c6c6572223b733a383a2266756e6374696f6e223b733a333a22616464223b7d693a33303b613a323a7b733a31303a22636f6e74726f6c6c6572223b733a31303a22636f6e74726f6c6c6572223b733a383a2266756e6374696f6e223b733a363a2264656c657465223b7d693a33313b613a323a7b733a31303a22636f6e74726f6c6c6572223b733a31303a22636f6e74726f6c6c6572223b733a383a2266756e6374696f6e223b733a343a2270616765223b7d693a33323b613a323a7b733a31303a22636f6e74726f6c6c6572223b733a363a22617574686f78223b733a383a2266756e6374696f6e223b733a363a22757064617465223b7d693a33333b613a323a7b733a31303a22636f6e74726f6c6c6572223b733a363a22617574686f78223b733a383a2266756e6374696f6e223b733a353a226861766564223b7d693a33343b613a323a7b733a31303a22636f6e74726f6c6c6572223b733a31323a2267726f75705f64657461696c223b733a383a2266756e6374696f6e223b733a363a22757064617465223b7d693a33353b613a323a7b733a31303a22636f6e74726f6c6c6572223b733a31323a2267726f75705f64657461696c223b733a383a2266756e6374696f6e223b733a353a226861766564223b7d693a33363b613a323a7b733a31303a22636f6e74726f6c6c6572223b733a363a226d6f64756c65223b733a383a2266756e6374696f6e223b733a363a226d6f64696679223b7d693a33373b613a323a7b733a31303a22636f6e74726f6c6c6572223b733a363a226d6f64756c65223b733a383a2266756e6374696f6e223b733a333a22617069223b7d693a33383b613a323a7b733a31303a22636f6e74726f6c6c6572223b733a363a226d6f64756c65223b733a383a2266756e6374696f6e223b733a31323a226d6f646966795f6669656c64223b7d693a33393b613a323a7b733a31303a22636f6e74726f6c6c6572223b733a363a226d6f64756c65223b733a383a2266756e6374696f6e223b733a31323a2264656c6574655f6669656c64223b7d693a34303b613a323a7b733a31303a22636f6e74726f6c6c6572223b733a363a226d6f64756c65223b733a383a2266756e6374696f6e223b733a343a22696e6974223b7d693a34313b613a323a7b733a31303a22636f6e74726f6c6c6572223b733a363a226d6f64756c65223b733a383a2266756e6374696f6e223b733a393a226164645f6669656c64223b7d693a34323b613a323a7b733a31303a22636f6e74726f6c6c6572223b733a363a22726f75746572223b733a383a2266756e6374696f6e223b733a383a2274656d706c617465223b7d693a34333b613a323a7b733a31303a22636f6e74726f6c6c6572223b733a363a22726f75746572223b733a383a2266756e6374696f6e223b733a363a226d6f64696679223b7d693a34343b613a323a7b733a31303a22636f6e74726f6c6c6572223b733a363a22726f75746572223b733a383a2266756e6374696f6e223b733a363a2264656c657465223b7d693a34353b613a323a7b733a31303a22636f6e74726f6c6c6572223b733a363a22726f75746572223b733a383a2266756e6374696f6e223b733a333a22616464223b7d693a34363b613a323a7b733a31303a22636f6e74726f6c6c6572223b733a363a22726f75746572223b733a383a2266756e6374696f6e223b733a353a226974656d73223b7d693a34373b613a323a7b733a31303a22636f6e74726f6c6c6572223b733a383a2274656d706c617465223b733a383a2266756e6374696f6e223b733a363a226d6f64696679223b7d693a34383b613a323a7b733a31303a22636f6e74726f6c6c6572223b733a383a2274656d706c617465223b733a383a2266756e6374696f6e223b733a363a2264656c657465223b7d693a34393b613a323a7b733a31303a22636f6e74726f6c6c6572223b733a383a2274656d706c617465223b733a383a2266756e6374696f6e223b733a333a22616464223b7d693a35303b613a323a7b733a31303a22636f6e74726f6c6c6572223b733a383a2274656d706c617465223b733a383a2266756e6374696f6e223b733a333a22616c6c223b7d693a35313b613a323a7b733a31303a22636f6e74726f6c6c6572223b733a343a2268746d6c223b733a383a2266756e6374696f6e223b733a343a2265646974223b7d693a35323b613a323a7b733a31303a22636f6e74726f6c6c6572223b733a343a2268746d6c223b733a383a2266756e6374696f6e223b733a333a22676574223b7d693a35333b613a323a7b733a31303a22636f6e74726f6c6c6572223b733a343a2268746d6c223b733a383a2266756e6374696f6e223b733a343a2273617665223b7d693a35343b613a323a7b733a31303a22636f6e74726f6c6c6572223b733a363a226d6f64756c65223b733a383a2266756e6374696f6e223b733a383a226170695f666f726d223b7d693a35353b613a323a7b733a31303a22636f6e74726f6c6c6572223b733a363a22726f75746572223b733a383a2266756e6374696f6e223b733a393a227365745f696e646578223b7d7d757365725f69647c733a333a22313330223b757365725f66756c6c6e616d657c733a31353a22e8b685e7baa7e7aea1e79086e59198223b757365725f6e616d657c733a353a2261646d696e223b67726f75705f69647c733a313a2231223b67726f75705f6e616d657c733a31353a22e8b685e7baa7e7aea1e79086e59198223b69735f6c6f67696e7c733a333a22796573223b),
('50ug75onbgh0qesdfv8t487dg2lcumaj', '::1', 1491987913, 0x5f5f63695f6c6173745f726567656e65726174657c693a313439313938373631303b617574686f72697479446174617c613a35363a7b693a303b613a323a7b733a31303a22636f6e74726f6c6c6572223b733a363a226d616e616765223b733a383a2266756e6374696f6e223b733a353a22696e646578223b7d693a313b613a323a7b733a31303a22636f6e74726f6c6c6572223b733a343a2275736572223b733a383a2266756e6374696f6e223b733a393a227061736368616e6765223b7d693a323b613a323a7b733a31303a22636f6e74726f6c6c6572223b733a343a2275736572223b733a383a2266756e6374696f6e223b733a373a22676368616e6765223b7d693a333b613a323a7b733a31303a22636f6e74726f6c6c6572223b733a343a2275736572223b733a383a2266756e6374696f6e223b733a363a2264657461696c223b7d693a343b613a323a7b733a31303a22636f6e74726f6c6c6572223b733a343a2275736572223b733a383a2266756e6374696f6e223b733a383a227265676973746572223b7d693a353b613a323a7b733a31303a22636f6e74726f6c6c6572223b733a343a2275736572223b733a383a2266756e6374696f6e223b733a343a226c6f636b223b7d693a363b613a323a7b733a31303a22636f6e74726f6c6c6572223b733a343a2275736572223b733a383a2266756e6374696f6e223b733a333a22616464223b7d693a373b613a323a7b733a31303a22636f6e74726f6c6c6572223b733a343a2275736572223b733a383a2266756e6374696f6e223b733a363a2264656c657465223b7d693a383b613a323a7b733a31303a22636f6e74726f6c6c6572223b733a343a2275736572223b733a383a2266756e6374696f6e223b733a363a226d6f64696679223b7d693a393b613a323a7b733a31303a22636f6e74726f6c6c6572223b733a343a2275736572223b733a383a2266756e6374696f6e223b733a343a2270616765223b7d693a31303b613a323a7b733a31303a22636f6e74726f6c6c6572223b733a363a226d6f64756c65223b733a383a2266756e6374696f6e223b733a363a2264656c657465223b7d693a31313b613a323a7b733a31303a22636f6e74726f6c6c6572223b733a363a226d6f64756c65223b733a383a2266756e6374696f6e223b733a343a226c617374223b7d693a31323b613a323a7b733a31303a22636f6e74726f6c6c6572223b733a363a226d6f64756c65223b733a383a2266756e6374696f6e223b733a363a22637265617465223b7d693a31333b613a323a7b733a31303a22636f6e74726f6c6c6572223b733a363a226d6f64756c65223b733a383a2266756e6374696f6e223b733a343a22696e666f223b7d693a31343b613a323a7b733a31303a22636f6e74726f6c6c6572223b733a363a226d6f64756c65223b733a383a2266756e6374696f6e223b733a363a2264657461696c223b7d693a31353b613a323a7b733a31303a22636f6e74726f6c6c6572223b733a363a226d6f64756c65223b733a383a2266756e6374696f6e223b733a393a22617661696c61626c65223b7d693a31363b613a323a7b733a31303a22636f6e74726f6c6c6572223b733a363a226d6f64756c65223b733a383a2266756e6374696f6e223b733a343a226c656674223b7d693a31373b613a323a7b733a31303a22636f6e74726f6c6c6572223b733a363a226d6f64756c65223b733a383a2266756e6374696f6e223b733a343a2270616765223b7d693a31383b613a323a7b733a31303a22636f6e74726f6c6c6572223b733a363a226d6f64756c65223b733a383a2266756e6374696f6e223b733a343a226d656e75223b7d693a31393b613a323a7b733a31303a22636f6e74726f6c6c6572223b733a363a226d6f64756c65223b733a383a2266756e6374696f6e223b733a333a22616464223b7d693a32303b613a323a7b733a31303a22636f6e74726f6c6c6572223b733a353a2267726f7570223b733a383a2266756e6374696f6e223b733a363a226d6f64696679223b7d693a32313b613a323a7b733a31303a22636f6e74726f6c6c6572223b733a353a2267726f7570223b733a383a2266756e6374696f6e223b733a363a2264656c657465223b7d693a32323b613a323a7b733a31303a22636f6e74726f6c6c6572223b733a353a2267726f7570223b733a383a2266756e6374696f6e223b733a333a22616464223b7d693a32333b613a323a7b733a31303a22636f6e74726f6c6c6572223b733a353a2267726f7570223b733a383a2266756e6374696f6e223b733a343a2270616765223b7d693a32343b613a323a7b733a31303a22636f6e74726f6c6c6572223b733a363a226d6574686f64223b733a383a2266756e6374696f6e223b733a363a226d6f64696679223b7d693a32353b613a323a7b733a31303a22636f6e74726f6c6c6572223b733a363a226d6574686f64223b733a383a2266756e6374696f6e223b733a343a2270616765223b7d693a32363b613a323a7b733a31303a22636f6e74726f6c6c6572223b733a363a226d6574686f64223b733a383a2266756e6374696f6e223b733a333a22616464223b7d693a32373b613a323a7b733a31303a22636f6e74726f6c6c6572223b733a363a226d6574686f64223b733a383a2266756e6374696f6e223b733a363a2264656c657465223b7d693a32383b613a323a7b733a31303a22636f6e74726f6c6c6572223b733a31303a22636f6e74726f6c6c6572223b733a383a2266756e6374696f6e223b733a363a226d6f64696679223b7d693a32393b613a323a7b733a31303a22636f6e74726f6c6c6572223b733a31303a22636f6e74726f6c6c6572223b733a383a2266756e6374696f6e223b733a333a22616464223b7d693a33303b613a323a7b733a31303a22636f6e74726f6c6c6572223b733a31303a22636f6e74726f6c6c6572223b733a383a2266756e6374696f6e223b733a363a2264656c657465223b7d693a33313b613a323a7b733a31303a22636f6e74726f6c6c6572223b733a31303a22636f6e74726f6c6c6572223b733a383a2266756e6374696f6e223b733a343a2270616765223b7d693a33323b613a323a7b733a31303a22636f6e74726f6c6c6572223b733a363a22617574686f78223b733a383a2266756e6374696f6e223b733a363a22757064617465223b7d693a33333b613a323a7b733a31303a22636f6e74726f6c6c6572223b733a363a22617574686f78223b733a383a2266756e6374696f6e223b733a353a226861766564223b7d693a33343b613a323a7b733a31303a22636f6e74726f6c6c6572223b733a31323a2267726f75705f64657461696c223b733a383a2266756e6374696f6e223b733a363a22757064617465223b7d693a33353b613a323a7b733a31303a22636f6e74726f6c6c6572223b733a31323a2267726f75705f64657461696c223b733a383a2266756e6374696f6e223b733a353a226861766564223b7d693a33363b613a323a7b733a31303a22636f6e74726f6c6c6572223b733a363a226d6f64756c65223b733a383a2266756e6374696f6e223b733a363a226d6f64696679223b7d693a33373b613a323a7b733a31303a22636f6e74726f6c6c6572223b733a363a226d6f64756c65223b733a383a2266756e6374696f6e223b733a333a22617069223b7d693a33383b613a323a7b733a31303a22636f6e74726f6c6c6572223b733a363a226d6f64756c65223b733a383a2266756e6374696f6e223b733a31323a226d6f646966795f6669656c64223b7d693a33393b613a323a7b733a31303a22636f6e74726f6c6c6572223b733a363a226d6f64756c65223b733a383a2266756e6374696f6e223b733a31323a2264656c6574655f6669656c64223b7d693a34303b613a323a7b733a31303a22636f6e74726f6c6c6572223b733a363a226d6f64756c65223b733a383a2266756e6374696f6e223b733a343a22696e6974223b7d693a34313b613a323a7b733a31303a22636f6e74726f6c6c6572223b733a363a226d6f64756c65223b733a383a2266756e6374696f6e223b733a393a226164645f6669656c64223b7d693a34323b613a323a7b733a31303a22636f6e74726f6c6c6572223b733a363a22726f75746572223b733a383a2266756e6374696f6e223b733a383a2274656d706c617465223b7d693a34333b613a323a7b733a31303a22636f6e74726f6c6c6572223b733a363a22726f75746572223b733a383a2266756e6374696f6e223b733a363a226d6f64696679223b7d693a34343b613a323a7b733a31303a22636f6e74726f6c6c6572223b733a363a22726f75746572223b733a383a2266756e6374696f6e223b733a363a2264656c657465223b7d693a34353b613a323a7b733a31303a22636f6e74726f6c6c6572223b733a363a22726f75746572223b733a383a2266756e6374696f6e223b733a333a22616464223b7d693a34363b613a323a7b733a31303a22636f6e74726f6c6c6572223b733a363a22726f75746572223b733a383a2266756e6374696f6e223b733a353a226974656d73223b7d693a34373b613a323a7b733a31303a22636f6e74726f6c6c6572223b733a383a2274656d706c617465223b733a383a2266756e6374696f6e223b733a363a226d6f64696679223b7d693a34383b613a323a7b733a31303a22636f6e74726f6c6c6572223b733a383a2274656d706c617465223b733a383a2266756e6374696f6e223b733a363a2264656c657465223b7d693a34393b613a323a7b733a31303a22636f6e74726f6c6c6572223b733a383a2274656d706c617465223b733a383a2266756e6374696f6e223b733a333a22616464223b7d693a35303b613a323a7b733a31303a22636f6e74726f6c6c6572223b733a383a2274656d706c617465223b733a383a2266756e6374696f6e223b733a333a22616c6c223b7d693a35313b613a323a7b733a31303a22636f6e74726f6c6c6572223b733a343a2268746d6c223b733a383a2266756e6374696f6e223b733a343a2265646974223b7d693a35323b613a323a7b733a31303a22636f6e74726f6c6c6572223b733a343a2268746d6c223b733a383a2266756e6374696f6e223b733a333a22676574223b7d693a35333b613a323a7b733a31303a22636f6e74726f6c6c6572223b733a343a2268746d6c223b733a383a2266756e6374696f6e223b733a343a2273617665223b7d693a35343b613a323a7b733a31303a22636f6e74726f6c6c6572223b733a363a226d6f64756c65223b733a383a2266756e6374696f6e223b733a383a226170695f666f726d223b7d693a35353b613a323a7b733a31303a22636f6e74726f6c6c6572223b733a363a22726f75746572223b733a383a2266756e6374696f6e223b733a393a227365745f696e646578223b7d7d757365725f69647c733a333a22313330223b757365725f66756c6c6e616d657c733a31353a22e8b685e7baa7e7aea1e79086e59198223b757365725f6e616d657c733a353a2261646d696e223b67726f75705f69647c733a313a2231223b67726f75705f6e616d657c733a31353a22e8b685e7baa7e7aea1e79086e59198223b69735f6c6f67696e7c733a333a22796573223b),
('52it40qn2fsg9klf1ootll9mgd3h92ck', '::1', 1491987924, 0x5f5f63695f6c6173745f726567656e65726174657c693a313439313938373931333b617574686f72697479446174617c613a35363a7b693a303b613a323a7b733a31303a22636f6e74726f6c6c6572223b733a363a226d616e616765223b733a383a2266756e6374696f6e223b733a353a22696e646578223b7d693a313b613a323a7b733a31303a22636f6e74726f6c6c6572223b733a343a2275736572223b733a383a2266756e6374696f6e223b733a393a227061736368616e6765223b7d693a323b613a323a7b733a31303a22636f6e74726f6c6c6572223b733a343a2275736572223b733a383a2266756e6374696f6e223b733a373a22676368616e6765223b7d693a333b613a323a7b733a31303a22636f6e74726f6c6c6572223b733a343a2275736572223b733a383a2266756e6374696f6e223b733a363a2264657461696c223b7d693a343b613a323a7b733a31303a22636f6e74726f6c6c6572223b733a343a2275736572223b733a383a2266756e6374696f6e223b733a383a227265676973746572223b7d693a353b613a323a7b733a31303a22636f6e74726f6c6c6572223b733a343a2275736572223b733a383a2266756e6374696f6e223b733a343a226c6f636b223b7d693a363b613a323a7b733a31303a22636f6e74726f6c6c6572223b733a343a2275736572223b733a383a2266756e6374696f6e223b733a333a22616464223b7d693a373b613a323a7b733a31303a22636f6e74726f6c6c6572223b733a343a2275736572223b733a383a2266756e6374696f6e223b733a363a2264656c657465223b7d693a383b613a323a7b733a31303a22636f6e74726f6c6c6572223b733a343a2275736572223b733a383a2266756e6374696f6e223b733a363a226d6f64696679223b7d693a393b613a323a7b733a31303a22636f6e74726f6c6c6572223b733a343a2275736572223b733a383a2266756e6374696f6e223b733a343a2270616765223b7d693a31303b613a323a7b733a31303a22636f6e74726f6c6c6572223b733a363a226d6f64756c65223b733a383a2266756e6374696f6e223b733a363a2264656c657465223b7d693a31313b613a323a7b733a31303a22636f6e74726f6c6c6572223b733a363a226d6f64756c65223b733a383a2266756e6374696f6e223b733a343a226c617374223b7d693a31323b613a323a7b733a31303a22636f6e74726f6c6c6572223b733a363a226d6f64756c65223b733a383a2266756e6374696f6e223b733a363a22637265617465223b7d693a31333b613a323a7b733a31303a22636f6e74726f6c6c6572223b733a363a226d6f64756c65223b733a383a2266756e6374696f6e223b733a343a22696e666f223b7d693a31343b613a323a7b733a31303a22636f6e74726f6c6c6572223b733a363a226d6f64756c65223b733a383a2266756e6374696f6e223b733a363a2264657461696c223b7d693a31353b613a323a7b733a31303a22636f6e74726f6c6c6572223b733a363a226d6f64756c65223b733a383a2266756e6374696f6e223b733a393a22617661696c61626c65223b7d693a31363b613a323a7b733a31303a22636f6e74726f6c6c6572223b733a363a226d6f64756c65223b733a383a2266756e6374696f6e223b733a343a226c656674223b7d693a31373b613a323a7b733a31303a22636f6e74726f6c6c6572223b733a363a226d6f64756c65223b733a383a2266756e6374696f6e223b733a343a2270616765223b7d693a31383b613a323a7b733a31303a22636f6e74726f6c6c6572223b733a363a226d6f64756c65223b733a383a2266756e6374696f6e223b733a343a226d656e75223b7d693a31393b613a323a7b733a31303a22636f6e74726f6c6c6572223b733a363a226d6f64756c65223b733a383a2266756e6374696f6e223b733a333a22616464223b7d693a32303b613a323a7b733a31303a22636f6e74726f6c6c6572223b733a353a2267726f7570223b733a383a2266756e6374696f6e223b733a363a226d6f64696679223b7d693a32313b613a323a7b733a31303a22636f6e74726f6c6c6572223b733a353a2267726f7570223b733a383a2266756e6374696f6e223b733a363a2264656c657465223b7d693a32323b613a323a7b733a31303a22636f6e74726f6c6c6572223b733a353a2267726f7570223b733a383a2266756e6374696f6e223b733a333a22616464223b7d693a32333b613a323a7b733a31303a22636f6e74726f6c6c6572223b733a353a2267726f7570223b733a383a2266756e6374696f6e223b733a343a2270616765223b7d693a32343b613a323a7b733a31303a22636f6e74726f6c6c6572223b733a363a226d6574686f64223b733a383a2266756e6374696f6e223b733a363a226d6f64696679223b7d693a32353b613a323a7b733a31303a22636f6e74726f6c6c6572223b733a363a226d6574686f64223b733a383a2266756e6374696f6e223b733a343a2270616765223b7d693a32363b613a323a7b733a31303a22636f6e74726f6c6c6572223b733a363a226d6574686f64223b733a383a2266756e6374696f6e223b733a333a22616464223b7d693a32373b613a323a7b733a31303a22636f6e74726f6c6c6572223b733a363a226d6574686f64223b733a383a2266756e6374696f6e223b733a363a2264656c657465223b7d693a32383b613a323a7b733a31303a22636f6e74726f6c6c6572223b733a31303a22636f6e74726f6c6c6572223b733a383a2266756e6374696f6e223b733a363a226d6f64696679223b7d693a32393b613a323a7b733a31303a22636f6e74726f6c6c6572223b733a31303a22636f6e74726f6c6c6572223b733a383a2266756e6374696f6e223b733a333a22616464223b7d693a33303b613a323a7b733a31303a22636f6e74726f6c6c6572223b733a31303a22636f6e74726f6c6c6572223b733a383a2266756e6374696f6e223b733a363a2264656c657465223b7d693a33313b613a323a7b733a31303a22636f6e74726f6c6c6572223b733a31303a22636f6e74726f6c6c6572223b733a383a2266756e6374696f6e223b733a343a2270616765223b7d693a33323b613a323a7b733a31303a22636f6e74726f6c6c6572223b733a363a22617574686f78223b733a383a2266756e6374696f6e223b733a363a22757064617465223b7d693a33333b613a323a7b733a31303a22636f6e74726f6c6c6572223b733a363a22617574686f78223b733a383a2266756e6374696f6e223b733a353a226861766564223b7d693a33343b613a323a7b733a31303a22636f6e74726f6c6c6572223b733a31323a2267726f75705f64657461696c223b733a383a2266756e6374696f6e223b733a363a22757064617465223b7d693a33353b613a323a7b733a31303a22636f6e74726f6c6c6572223b733a31323a2267726f75705f64657461696c223b733a383a2266756e6374696f6e223b733a353a226861766564223b7d693a33363b613a323a7b733a31303a22636f6e74726f6c6c6572223b733a363a226d6f64756c65223b733a383a2266756e6374696f6e223b733a363a226d6f64696679223b7d693a33373b613a323a7b733a31303a22636f6e74726f6c6c6572223b733a363a226d6f64756c65223b733a383a2266756e6374696f6e223b733a333a22617069223b7d693a33383b613a323a7b733a31303a22636f6e74726f6c6c6572223b733a363a226d6f64756c65223b733a383a2266756e6374696f6e223b733a31323a226d6f646966795f6669656c64223b7d693a33393b613a323a7b733a31303a22636f6e74726f6c6c6572223b733a363a226d6f64756c65223b733a383a2266756e6374696f6e223b733a31323a2264656c6574655f6669656c64223b7d693a34303b613a323a7b733a31303a22636f6e74726f6c6c6572223b733a363a226d6f64756c65223b733a383a2266756e6374696f6e223b733a343a22696e6974223b7d693a34313b613a323a7b733a31303a22636f6e74726f6c6c6572223b733a363a226d6f64756c65223b733a383a2266756e6374696f6e223b733a393a226164645f6669656c64223b7d693a34323b613a323a7b733a31303a22636f6e74726f6c6c6572223b733a363a22726f75746572223b733a383a2266756e6374696f6e223b733a383a2274656d706c617465223b7d693a34333b613a323a7b733a31303a22636f6e74726f6c6c6572223b733a363a22726f75746572223b733a383a2266756e6374696f6e223b733a363a226d6f64696679223b7d693a34343b613a323a7b733a31303a22636f6e74726f6c6c6572223b733a363a22726f75746572223b733a383a2266756e6374696f6e223b733a363a2264656c657465223b7d693a34353b613a323a7b733a31303a22636f6e74726f6c6c6572223b733a363a22726f75746572223b733a383a2266756e6374696f6e223b733a333a22616464223b7d693a34363b613a323a7b733a31303a22636f6e74726f6c6c6572223b733a363a22726f75746572223b733a383a2266756e6374696f6e223b733a353a226974656d73223b7d693a34373b613a323a7b733a31303a22636f6e74726f6c6c6572223b733a383a2274656d706c617465223b733a383a2266756e6374696f6e223b733a363a226d6f64696679223b7d693a34383b613a323a7b733a31303a22636f6e74726f6c6c6572223b733a383a2274656d706c617465223b733a383a2266756e6374696f6e223b733a363a2264656c657465223b7d693a34393b613a323a7b733a31303a22636f6e74726f6c6c6572223b733a383a2274656d706c617465223b733a383a2266756e6374696f6e223b733a333a22616464223b7d693a35303b613a323a7b733a31303a22636f6e74726f6c6c6572223b733a383a2274656d706c617465223b733a383a2266756e6374696f6e223b733a333a22616c6c223b7d693a35313b613a323a7b733a31303a22636f6e74726f6c6c6572223b733a343a2268746d6c223b733a383a2266756e6374696f6e223b733a343a2265646974223b7d693a35323b613a323a7b733a31303a22636f6e74726f6c6c6572223b733a343a2268746d6c223b733a383a2266756e6374696f6e223b733a333a22676574223b7d693a35333b613a323a7b733a31303a22636f6e74726f6c6c6572223b733a343a2268746d6c223b733a383a2266756e6374696f6e223b733a343a2273617665223b7d693a35343b613a323a7b733a31303a22636f6e74726f6c6c6572223b733a363a226d6f64756c65223b733a383a2266756e6374696f6e223b733a383a226170695f666f726d223b7d693a35353b613a323a7b733a31303a22636f6e74726f6c6c6572223b733a363a22726f75746572223b733a383a2266756e6374696f6e223b733a393a227365745f696e646578223b7d7d757365725f69647c733a333a22313330223b757365725f66756c6c6e616d657c733a31353a22e8b685e7baa7e7aea1e79086e59198223b757365725f6e616d657c733a353a2261646d696e223b67726f75705f69647c733a313a2231223b67726f75705f6e616d657c733a31353a22e8b685e7baa7e7aea1e79086e59198223b69735f6c6f67696e7c733a333a22796573223b),
('ge9kjostp6n1dp39v1epn0fjp384dl58', '::1', 1491988399, 0x5f5f63695f6c6173745f726567656e65726174657c693a313439313938383339393b);

-- --------------------------------------------------------

--
-- 表的结构 `ac_times`
--

CREATE TABLE `ac_times` (
  `times_id` int(10) UNSIGNED NOT NULL,
  `username` varchar(45) DEFAULT NULL,
  `login_ip` char(15) DEFAULT NULL COMMENT 'ip',
  `login_time` int(10) UNSIGNED DEFAULT NULL,
  `failure_times` int(10) UNSIGNED DEFAULT NULL
) ENGINE=MyISAM DEFAULT CHARSET=utf8;

-- --------------------------------------------------------

--
-- 表的结构 `ac_user`
--

CREATE TABLE `ac_user` (
  `user_id` mediumint(8) UNSIGNED NOT NULL,
  `username` char(100) NOT NULL,
  `password` char(32) NOT NULL,
  `email` char(50) DEFAULT '',
  `group_id` int(12) UNSIGNED DEFAULT NULL,
  `reg_ip` char(15) DEFAULT NULL,
  `reg_time` datetime DEFAULT NULL,
  `last_login_ip` char(15) DEFAULT NULL,
  `last_login_time` datetime DEFAULT NULL,
  `encrypt` varchar(50) DEFAULT NULL,
  `is_lock` tinyint(1) DEFAULT '0',
  `fullname` varchar(50) DEFAULT '用户',
  `qq` varchar(50) DEFAULT NULL,
  `weixin` varchar(50) DEFAULT NULL,
  `mobile` varchar(50) DEFAULT NULL
) ENGINE=MyISAM DEFAULT CHARSET=utf8;

--
-- 转存表中的数据 `ac_user`
--

INSERT INTO `ac_user` (`user_id`, `username`, `password`, `email`, `group_id`, `reg_ip`, `reg_time`, `last_login_ip`, `last_login_time`, `encrypt`, `is_lock`, `fullname`, `qq`, `weixin`, `mobile`) VALUES
(129, 'test', '2e56474ad71975777005ceba6c7f271d', '', 2, '::1', '2017-02-17 02:18:34', '172.18.22.153', '2017-03-02 16:54:10', 'h20gi98i', 1, '测试账户', NULL, NULL, NULL),
(130, 'admin', 'a93dcc8900fa8c5ea584a43105aa0907', '', 1, '::1', '2017-02-17 02:19:42', '::1', '2017-04-12 13:32:54', 'u0wga0kx', 0, '超级管理员', NULL, NULL, NULL);

--
-- Indexes for dumped tables
--

--
-- Indexes for table `ac_authox`
--
ALTER TABLE `ac_authox`
  ADD PRIMARY KEY (`authox_id`),
  ADD KEY `user_id` (`user_id`);

--
-- Indexes for table `ac_captcha`
--
ALTER TABLE `ac_captcha`
  ADD PRIMARY KEY (`captcha_id`),
  ADD KEY `word` (`word`);

--
-- Indexes for table `ac_controller`
--
ALTER TABLE `ac_controller`
  ADD PRIMARY KEY (`controller_id`),
  ADD UNIQUE KEY `controller` (`controller`);

--
-- Indexes for table `ac_function`
--
ALTER TABLE `ac_function`
  ADD PRIMARY KEY (`function_id`);

--
-- Indexes for table `ac_group`
--
ALTER TABLE `ac_group`
  ADD PRIMARY KEY (`group_id`),
  ADD UNIQUE KEY `group_name` (`group_name`);

--
-- Indexes for table `ac_group_detail`
--
ALTER TABLE `ac_group_detail`
  ADD PRIMARY KEY (`detail_id`);

--
-- Indexes for table `ac_module`
--
ALTER TABLE `ac_module`
  ADD PRIMARY KEY (`module_id`),
  ADD UNIQUE KEY `module` (`module`);

--
-- Indexes for table `ac_my_article`
--
ALTER TABLE `ac_my_article`
  ADD PRIMARY KEY (`my_article_id`);

--
-- Indexes for table `ac_my_test`
--
ALTER TABLE `ac_my_test`
  ADD PRIMARY KEY (`my_test_id`);

--
-- Indexes for table `ac_sessions`
--
ALTER TABLE `ac_sessions`
  ADD KEY `ci_sessions_timestamp` (`timestamp`);

--
-- Indexes for table `ac_times`
--
ALTER TABLE `ac_times`
  ADD PRIMARY KEY (`times_id`);

--
-- Indexes for table `ac_user`
--
ALTER TABLE `ac_user`
  ADD PRIMARY KEY (`user_id`),
  ADD UNIQUE KEY `username` (`username`(15)),
  ADD KEY `email` (`email`),
  ADD KEY `groupID` (`group_id`);

--
-- 在导出的表使用AUTO_INCREMENT
--

--
-- 使用表AUTO_INCREMENT `ac_authox`
--
ALTER TABLE `ac_authox`
  MODIFY `authox_id` int(11) NOT NULL AUTO_INCREMENT, AUTO_INCREMENT=181;
--
-- 使用表AUTO_INCREMENT `ac_captcha`
--
ALTER TABLE `ac_captcha`
  MODIFY `captcha_id` bigint(13) UNSIGNED NOT NULL AUTO_INCREMENT, AUTO_INCREMENT=227;
--
-- 使用表AUTO_INCREMENT `ac_controller`
--
ALTER TABLE `ac_controller`
  MODIFY `controller_id` int(11) NOT NULL AUTO_INCREMENT, AUTO_INCREMENT=23;
--
-- 使用表AUTO_INCREMENT `ac_function`
--
ALTER TABLE `ac_function`
  MODIFY `function_id` int(11) NOT NULL AUTO_INCREMENT, AUTO_INCREMENT=77;
--
-- 使用表AUTO_INCREMENT `ac_group`
--
ALTER TABLE `ac_group`
  MODIFY `group_id` int(11) NOT NULL AUTO_INCREMENT, AUTO_INCREMENT=3;
--
-- 使用表AUTO_INCREMENT `ac_group_detail`
--
ALTER TABLE `ac_group_detail`
  MODIFY `detail_id` int(11) NOT NULL AUTO_INCREMENT, AUTO_INCREMENT=159;
--
-- 使用表AUTO_INCREMENT `ac_module`
--
ALTER TABLE `ac_module`
  MODIFY `module_id` int(11) NOT NULL AUTO_INCREMENT, AUTO_INCREMENT=6;
--
-- 使用表AUTO_INCREMENT `ac_my_article`
--
ALTER TABLE `ac_my_article`
  MODIFY `my_article_id` int(11) UNSIGNED NOT NULL AUTO_INCREMENT;
--
-- 使用表AUTO_INCREMENT `ac_my_test`
--
ALTER TABLE `ac_my_test`
  MODIFY `my_test_id` int(11) UNSIGNED NOT NULL AUTO_INCREMENT, AUTO_INCREMENT=32;
--
-- 使用表AUTO_INCREMENT `ac_times`
--
ALTER TABLE `ac_times`
  MODIFY `times_id` int(10) UNSIGNED NOT NULL AUTO_INCREMENT, AUTO_INCREMENT=26;
--
-- 使用表AUTO_INCREMENT `ac_user`
--
ALTER TABLE `ac_user`
  MODIFY `user_id` mediumint(8) UNSIGNED NOT NULL AUTO_INCREMENT, AUTO_INCREMENT=142;
/*!40101 SET CHARACTER_SET_CLIENT=@OLD_CHARACTER_SET_CLIENT */;
/*!40101 SET CHARACTER_SET_RESULTS=@OLD_CHARACTER_SET_RESULTS */;
/*!40101 SET COLLATION_CONNECTION=@OLD_COLLATION_CONNECTION */;
